customer_id,name,email,city,state,registration_date
1,William Miles,elizabethhowell@example.com,Sandovalmouth,South Carolina,2025-08-18
2,Alexander Hernandez,davidmcmahon@example.com,New Michellebury,South Carolina,2024-09-15
3,Donna Lee,vgallegos@example.net,South Erin,Nevada,2024-05-08
4,Michael Tate,hannah52@example.org,West Melissa,Louisiana,2026-08-07
5,Harry Rodriguez,robert29@example.net,North Pamela,Arkansas,2024-11-22
6,Adam Love,sjackson@example.net,Mendezside,Missouri,2023-12-12
7,Chad Arias,uholmes@example.net,Ellisonchester,North Carolina,2024-05-05
8,Kenneth Rodriguez,davidmunoz@example.org,Laneview,Oregon,2025-03-27
9,Mark Pierce,wnelson@example.org,Aprilhaven,Indiana,2026-07-12
10,Christine Richardson,uharrison@example.org,Hessshire,New Mexico,2024-07-21
11,Lisa Ramirez,samuelsmith@example.net,Lake Joseph,Montana,2024-09-28
12,Robert Roberts,nhamilton@example.net,Port Thomas,Connecticut,2025-04-20
13,Kathleen Simon,deanna70@example.net,West Alexandra,Michigan,2025-10-05
14,Aimee Blair DDS,eduardotaylor@example.org,South Josephshire,Massachusetts,2024-02-11
15,Cody Keller,kingcrystal@example.org,Meyerside,Michigan,2025-05-03
16,Brian Ellis,tcaldwell@example.org,Brandonchester,Montana,2025-04-01
17,Vanessa Schultz,mkane@example.net,Port Karen,New Jersey,2026-02-27
18,Julia Chase,mprince@example.net,South Markmouth,Oregon,2026-05-27
19,Mark Zamora,nicholasrobinson@example.com,East Kristinchester,Illinois,2025-05-27
20,Sarah Sanchez,michaelmann@example.net,New Sergioshire,Virginia,2024-07-21
21,Michael Mendoza,amandaaguilar@example.org,East Kathryn,Montana,2024-09-05
22,Randy English,wjefferson@example.net,Adamshaven,Virginia,2023-10-22
23,Heather Lewis,vangmichael@example.org,Sheahaven,Missouri,2024-01-18
24,Kathryn Rowe,jgrant@example.com,South Sarahberg,California,2026-02-15
25,Joe Peters,washingtonjames@example.org,South Kevin,South Carolina,2023-10-04
26,Anita Nichols,leslie92@example.org,Parkerville,South Carolina,2025-10-26
27,Michele Valenzuela,natasha69@example.org,Jamesville,Virginia,2024-03-16
28,Brian Fernandez,udelgado@example.org,West Samanthahaven,Nevada,2025-06-27
29,Jeffrey Hudson,tjackson@example.net,North Jacob,Maryland,2024-03-28
30,Emma Anderson,corey50@example.org,North Richardfort,Louisiana,2026-06-22
31,Jacob Jackson,annthomas@example.org,Kimberlyland,South Dakota,2025-03-11
32,Isabella Peters,christina77@example.net,Hollyberg,Arizona,2024-03-31
33,Randy Cunningham,robertssarah@example.net,Carterside,Oklahoma,2025-02-09
34,Richard Medina,christopher69@example.org,Tuckerchester,Washington,2023-10-16
35,Anthony Jones,cindyadkins@example.org,Cochranfurt,Washington,2024-04-27
36,Mr. Michael Sparks,hroberts@example.com,Lake Kristin,Pennsylvania,2024-05-07
37,Heather Townsend,hollandjohn@example.org,Michaelchester,New Jersey,2026-01-21
38,Jaclyn Harris,ariel76@example.org,Sharonshire,South Dakota,2026-07-14
39,John Brown Jr.,bradleycraig@example.net,Seanburgh,New Jersey,2025-10-12
40,Robert Barnett,jadescott@example.net,Rachelfort,Texas,2026-08-05
41,Aaron Cantrell,john78@example.org,Port John,California,2026-07-06
42,Dr. Robert Hopkins,erikbrewer@example.net,West Amanda,Kansas,2024-02-01
43,Raven Kent,karen86@example.net,Port Marcusburgh,Utah,2025-09-24
44,Amanda Mcknight,katrina95@example.net,Benjaminfort,New York,2025-07-12
45,Lisa Mcgee,mpatel@example.net,Lake Sarahmouth,Utah,2025-08-31
46,Leslie Henson,laura32@example.com,Bethport,Alabama,2024-09-20
47,Sara David,sandrapacheco@example.net,Christinemouth,Minnesota,2025-03-08
48,Heidi Lewis,sbeard@example.com,Thomasburgh,Colorado,2025-12-12
49,Mary Welch,ldawson@example.com,East Edwardborough,Maine,2025-03-24
50,Robin Ward,taylordeborah@example.net,Cynthiachester,Idaho,2025-04-26
51,Katrina Dillon,myersjennifer@example.org,Cooperport,Massachusetts,2025-06-09
52,Sabrina Phillips DDS,hrogers@example.com,Lake Michellefort,Nevada,2023-11-17
53,Marie Lee,matthew82@example.net,East Marktown,Vermont,2023-10-10
54,Rebecca Edwards,robert75@example.org,Patrickshire,New York,2024-04-26
55,Andre Sheppard,ubarr@example.net,Chelseaburgh,Hawaii,2023-12-28
56,Gregory Peterson,nicolewilson@example.net,Richardshire,West Virginia,2026-04-28
57,Donna Rojas,xedwards@example.net,Wrightfort,Iowa,2024-11-19
58,Eugene Hammond,tdean@example.com,Lake Hollyland,Michigan,2025-10-30
59,Katie Wells,davidlawson@example.net,Port Michaelfurt,Alabama,2025-08-17
60,Jamie Taylor,wyatt77@example.net,North Michaelmouth,Delaware,2025-09-23
61,Linda Kim,amycastro@example.net,Paulborough,Tennessee,2025-02-14
62,Kenneth Lopez,jowen@example.net,West Katherinefurt,New York,2023-12-20
63,Linda Hernandez,victorbailey@example.net,Lake Richardborough,Maryland,2026-02-10
64,Jennifer Harrison,clarkdavid@example.com,West Michelleview,Louisiana,2024-04-25
65,Nicole King,jcooper@example.com,Younghaven,Hawaii,2024-10-06
66,Gregory Moody,robert22@example.net,New Toddville,New Mexico,2023-11-01
67,Donald Potter,qjones@example.com,Josephville,Illinois,2025-11-10
68,Christopher Miller,wrightdavid@example.net,Cartertown,Pennsylvania,2025-09-02
69,Bryan Carter,zachary66@example.com,Port Andrewmouth,Oregon,2026-05-18
70,Ann Taylor,shawtravis@example.com,East Lisa,Vermont,2025-01-26
71,Andrew Allison,abbottemily@example.net,West Lawrence,Florida,2025-10-19
72,Marisa Diaz,ianturner@example.net,Davisshire,New Mexico,2026-07-25
73,Brooke Branch,geraldstanley@example.org,South Michael,Connecticut,2024-10-07
74,Carol Brooks,gcox@example.org,New Joseph,Utah,2023-10-31
75,Lisa Chapman,cindy06@example.com,Port Margaret,Michigan,2025-05-26
76,Michelle Franklin,diane41@example.org,Lake Christina,Missouri,2026-04-08
77,Alicia Stewart,sandra62@example.com,Port Michelle,Tennessee,2024-10-11
78,Gail Daugherty,kcooper@example.net,North Miguelfort,Wyoming,2026-04-30
79,Dana Estrada,eric31@example.net,Johnsonfort,Tennessee,2025-11-13
80,John Graham DVM,isaacrobinson@example.net,Kellyberg,Texas,2026-04-11
81,Miguel Williamson,victoria15@example.org,Alexandramouth,South Carolina,2026-02-07
82,David Hoover,jillwelch@example.net,South Markton,Arizona,2024-07-04
83,Michael Kaiser,conradvictoria@example.net,West Luiston,Texas,2025-02-13
84,Brandon Wiggins,schristian@example.com,Michaelfurt,Missouri,2024-10-25
85,Tara Taylor,fmartin@example.com,Bryanmouth,Utah,2025-06-21
86,Dr. Robert Miller MD,george21@example.com,Stevebury,Maryland,2024-03-14
87,Michelle Miller,tyler93@example.com,South Jamie,Iowa,2023-12-20
88,Donna Deleon,matthewsjesse@example.org,Christinaport,Arkansas,2024-06-03
89,Rebecca Lewis,brookewade@example.org,South Joel,Texas,2024-04-19
90,Jeremiah Mcneil,schmittian@example.com,South Zachary,Kentucky,2026-04-03
91,Michael Odonnell,coryowens@example.net,Collinsburgh,Hawaii,2024-06-05
92,Michael Rush,denise20@example.org,New Kenneth,Oregon,2024-02-13
93,Cheryl Good,beverly58@example.com,East Wendybury,North Dakota,2023-11-09
94,Natasha Higgins,emily03@example.com,North Christopher,Iowa,2024-11-22
95,Ashley Stephens,garrett40@example.com,South Jesus,North Carolina,2025-06-09
96,Brian Ingram,brianduncan@example.com,Kristinaview,California,2025-09-15
97,Rhonda Caldwell,smithlisa@example.net,Toddville,Illinois,2026-08-20
98,Peter Clarke,cindythomas@example.net,Moorefort,South Carolina,2026-07-11
99,Melanie Roberson,ashleywilliams@example.net,West Ryanberg,Nebraska,2025-12-06
100,Lauren Nichols,cgordon@example.org,Meganmouth,Pennsylvania,2025-11-15
101,Nichole Evans,oliviaedwards@example.net,South Joshuaport,Rhode Island,2023-10-31
102,Nicholas Rivera,pcurry@example.org,Lake Christian,Pennsylvania,2024-12-04
103,Amber Hayes,toddgriffin@example.net,Hendrixside,Indiana,2024-06-10
104,Jordan White,mcallahan@example.com,West Matthewville,Delaware,2026-07-26
105,Jeffrey Schmidt,huertaandrea@example.com,New Debrastad,Delaware,2024-05-02
106,Jaime Fowler,josephmcintosh@example.org,Whiteside,Texas,2026-01-05
107,Jeffrey Davis,bookervincent@example.net,Port Richardburgh,Alabama,2024-04-30
108,Ashley Knox,alexandra53@example.com,West Scott,Rhode Island,2024-02-12
109,Ashley Baird,jerrylewis@example.org,Christianville,Pennsylvania,2024-02-19
110,Katherine Martin,matthew48@example.com,Penaton,Oklahoma,2026-03-01
111,John Key,ochoamadison@example.net,New Melodybury,Louisiana,2026-08-17
112,Lisa Estrada,jaredturner@example.com,Craigmouth,New York,2024-10-13
113,Mark Bullock,victoria09@example.com,Port Shannon,Tennessee,2024-08-22
114,David Holmes,ronaldjensen@example.net,Andrewton,West Virginia,2024-09-19
115,Richard Schultz,cgreen@example.com,Maysberg,Missouri,2026-07-23
116,Jessica Burke,qgallegos@example.com,Alexanderton,Oklahoma,2024-10-09
117,Lisa Williams,sarah72@example.net,New Caitlyn,Vermont,2023-09-24
118,Elizabeth Lowe,melissa54@example.com,Cummingschester,Montana,2024-03-30
119,Edward Estrada,rebeccabarrett@example.org,South Coryfurt,Colorado,2024-10-27
120,Rebecca Nelson,andersonmiguel@example.net,Williamsview,North Carolina,2025-01-01
121,Scott French MD,diazjackson@example.com,Greenmouth,Minnesota,2025-12-21
122,Martin Ayala,reginarogers@example.net,Ayalaborough,Delaware,2025-12-20
123,Kaitlyn Lopez,ffoster@example.org,Jessicaside,Missouri,2025-12-19
124,Victoria Dominguez,qgarcia@example.com,Garyhaven,Michigan,2026-02-27
125,Jessica Moss,xrobertson@example.com,Port Toddberg,Connecticut,2025-10-18
126,Matthew Boyd,blane@example.org,Christianstad,Georgia,2025-07-20
127,Kenneth Williams,jeff11@example.com,Angelahaven,Illinois,2025-11-08
128,Kari Cummings,halljohn@example.com,Juliefurt,North Carolina,2026-05-20
129,Margaret Kirk,salazarjulia@example.net,North Wendy,Michigan,2025-12-23
130,Amanda Hill,xbrown@example.com,Josephport,Arizona,2025-01-23
131,Benjamin Warren,teresa61@example.net,New Tinabury,Alabama,2025-08-02
132,Stacy Williams,ryan44@example.net,North Karenshire,New Jersey,2023-10-20
133,Carrie Sawyer,wjordan@example.com,Lake Lindafurt,Idaho,2024-09-01
134,Maria Smith,medinabeth@example.net,Joelfurt,Florida,2026-06-27
135,Samuel Malone,josedurham@example.org,Abbotttown,Louisiana,2024-03-31
136,Hannah Pruitt,ashley37@example.net,South Carmen,Hawaii,2025-01-03
137,Dana Cole,andrew90@example.net,East Marieborough,Indiana,2026-07-03
138,Michelle Werner,thomas19@example.org,Curtisberg,North Dakota,2026-01-13
139,Henry Johnson,kbrennan@example.net,Lake Toddborough,Oregon,2024-02-12
140,Michael Howe,juliaramirez@example.com,Morganmouth,North Carolina,2024-07-05
141,Susan Hansen,lewisbradley@example.net,Leefort,Mississippi,2024-08-04
142,Nicholas Harris,sarahblackwell@example.com,Miguelstad,Nebraska,2023-09-11
143,Douglas Bradley,dreynolds@example.org,East Vanessaside,Ohio,2024-07-28
144,Katie Ramsey,campbellderrick@example.com,Sharonhaven,New Hampshire,2025-12-25
145,Destiny Murphy,barbarahill@example.com,South Brianport,Wyoming,2026-02-02
146,Kevin Young DDS,joel48@example.org,Shellyside,Michigan,2023-12-08
147,Richard Mcclain,james75@example.org,Port Nicoleberg,Oklahoma,2024-08-05
148,Jesse Simpson,karenwhite@example.org,Port Joshuahaven,South Dakota,2023-12-25
149,Brandon Mcneil,shannonhays@example.net,Murphyfurt,New Mexico,2023-10-28
150,Cheryl Cunningham,phillipcox@example.net,North Kim,Oklahoma,2026-05-23
151,Jennifer Rojas,walterscourtney@example.org,Lake Christopherland,Wisconsin,2025-06-25
152,Cheryl Harmon,xlevy@example.com,Gavinville,Wyoming,2025-07-02
153,Courtney Colon,alexanderkaren@example.com,Lake Lori,Virginia,2026-04-10
154,Chelsea Rivers,hjackson@example.net,South Patriciaview,Wisconsin,2023-11-15
155,Kevin Hart,tracy36@example.com,West Diana,South Dakota,2026-05-04
156,Steve Mullen,nicholas56@example.net,Lake Margaretmouth,Minnesota,2026-02-25
157,Jessica Figueroa,ztorres@example.net,North Alex,Massachusetts,2026-04-05
158,Janet Shepherd,lopezjames@example.com,Danville,Connecticut,2026-03-05
159,Sheri Nelson,herrerawilliam@example.com,Nortonbury,Michigan,2026-07-05
160,Dr. Rickey Maldonado,davisgregory@example.com,Stacyburgh,Minnesota,2024-09-11
161,Hayley Garcia,marissaallen@example.org,Martinezview,Maine,2025-12-12
162,Cheryl Mcmillan,xoconnor@example.org,Stevenfort,Louisiana,2024-08-10
163,Robin Bennett,parkermichelle@example.org,Riggsfort,Connecticut,2026-05-13
164,Mr. David Mccullough,susan53@example.org,West Christophertown,Virginia,2026-07-08
165,Bryan Myers,matthew17@example.com,Courtneyshire,Oklahoma,2026-05-04
166,Steven Torres,gary83@example.net,Greenefort,Ohio,2026-04-06
167,Alison Love,kristen02@example.com,Colleenview,South Dakota,2025-08-10
168,Jonathon Gould,james85@example.org,Campbellchester,Virginia,2026-01-11
169,Beth Mitchell,smata@example.com,Victoriatown,Wisconsin,2025-03-26
170,Timothy Martin,barnesjerome@example.com,Jacksonberg,Mississippi,2025-09-29
171,Tracey Kennedy,scottveronica@example.org,Heatherchester,Wisconsin,2025-11-12
172,Joseph Herrera,samueljones@example.org,Deanside,Georgia,2025-10-19
173,Donna Long,matthewrogers@example.com,West Brittany,Alaska,2024-01-04
174,Lisa Greene,olivia31@example.com,Fosterchester,Hawaii,2024-03-29
175,Nathaniel Mckenzie,michaelgonzalez@example.org,Lake Ryanborough,Indiana,2026-06-25
176,Megan King,benjamin45@example.org,New Amandaville,Oklahoma,2024-03-06
177,Nathan Bates,anthonybrown@example.com,Lake Jessica,Nevada,2026-05-22
178,Sara Taylor,velazquezmary@example.net,Teresaland,South Carolina,2023-10-15
179,Andrea Ellis,alexandergrace@example.com,Lewishaven,Massachusetts,2024-12-04
180,Kelly Williams,hickmandonald@example.com,New Stephen,Nebraska,2025-07-07
181,Dawn Reyes,michelletanner@example.org,Guybury,Alabama,2025-02-22
182,Jason Stewart,lauren14@example.com,Griffinhaven,California,2026-04-30
183,Jason Newman,zparsons@example.com,Jamesburgh,Oklahoma,2024-08-29
184,Angela Green,gfox@example.com,West Kimberlyside,Utah,2026-01-12
185,Russell Murphy,ssimpson@example.com,Wardmouth,Ohio,2025-10-22
186,Regina Santos,james52@example.org,Kingbury,Michigan,2024-05-16
187,Christopher Gonzales,malonemichael@example.net,New Bobby,Connecticut,2025-01-16
188,Laura Jimenez,matthew80@example.org,New Gregory,New Hampshire,2025-05-03
189,Mark Day,leejason@example.com,East Rebeccafurt,Oregon,2026-03-04
190,Jennifer Adams DDS,millschristine@example.net,New Kaylamouth,New Hampshire,2024-05-15
191,Shelly Barrera,amandapena@example.net,Port Stacie,South Carolina,2024-12-30
192,Gary Mckay,rogersamanda@example.net,East Hannah,Nebraska,2025-10-05
193,Kimberly Lewis,rossbradley@example.com,Gregoryland,Rhode Island,2024-08-04
194,Susan Mccann,zmassey@example.com,Caitlinstad,Louisiana,2025-06-10
195,Heather Mendez,danielleguzman@example.com,West Robinchester,Maine,2025-02-14
196,Patrick Montoya,kyle13@example.net,East Mollychester,North Dakota,2026-05-26
197,Jason Howard,vyoung@example.org,Kerriside,North Carolina,2025-01-06
198,Kristin Adams,christopherbell@example.com,Lopezville,Colorado,2024-09-26
199,Erica Hoffman,shernandez@example.com,Jacquelinemouth,Connecticut,2025-09-09
200,Paul Robinson,tiffanysanders@example.com,Cynthiastad,South Carolina,2024-03-02
201,Brandi Benson,rmartin@example.net,Port Jenna,New Jersey,2025-06-08
202,Scott Jones,lrobinson@example.net,East Davidton,Ohio,2023-09-11
203,Robin Brown,caseyjose@example.com,Jamesmouth,West Virginia,2026-01-05
204,Zachary Thompson,whitejonathan@example.net,Port Veronica,Massachusetts,2026-03-19
205,Philip Ellison,hhicks@example.net,Angelafurt,South Carolina,2024-10-13
206,Douglas Carter,meltonluis@example.com,Jenniferbury,New York,2026-05-17
207,Robert Harris,acevedoeric@example.org,Johnview,South Carolina,2024-09-02
208,Lisa Miller,thomas17@example.org,Samuelchester,Nebraska,2024-02-09
209,Matthew Savage,jamesjones@example.net,Jasonmouth,Montana,2025-05-03
210,Terri Torres,kim41@example.com,Turnerborough,Illinois,2024-02-22
211,John Bridges,tonya80@example.com,Lake Victoria,New Jersey,2024-06-29
212,Melissa Waters,catherine14@example.org,Fernandezberg,Ohio,2026-05-16
213,Lynn Howell,jodi87@example.com,Antonioside,Idaho,2024-12-15
214,Patricia Shelton,emartinez@example.net,Combschester,Michigan,2024-10-12
215,Patricia Thompson,pwilson@example.org,South Seth,Mississippi,2024-03-12
216,Doris Smith,todd41@example.com,Smithhaven,Indiana,2026-05-08
217,Manuel Conner,brendanjones@example.net,Anthonyport,Texas,2024-12-05
218,Danielle Hardy,william35@example.com,New Robert,Minnesota,2025-03-06
219,Anita Gomez,zpham@example.org,Kimhaven,Indiana,2026-07-24
220,Jose Lozano,enelson@example.net,Torreschester,Maine,2025-03-08
221,Brandon Weber,duncanmegan@example.com,Perryberg,Idaho,2026-08-04
222,Natalie Bishop,jamesbrian@example.org,Ashleyfort,Louisiana,2024-11-16
223,James Carter,ronald34@example.org,Smithmouth,Maryland,2023-09-21
224,Jonathan Lee,walvarez@example.net,East Cheryl,North Dakota,2024-03-03
225,Jessica Cobb,allenveronica@example.com,West Ryanport,South Carolina,2023-10-08
226,Nicholas Carter,mitchelljason@example.com,East Danielle,Wyoming,2024-04-11
227,Miguel Morgan,carsonkyle@example.org,Hamptonmouth,Hawaii,2024-08-25
228,Stacey Rhodes,mariayates@example.org,East Gary,Delaware,2024-07-10
229,Lynn Hernandez,robert94@example.org,North Maryfurt,North Carolina,2023-11-27
230,Adrian Callahan,jordanjustin@example.com,Lake Laurenmouth,Illinois,2026-01-02
231,Charles Rodriguez,nelsoncaleb@example.com,Gregside,South Carolina,2024-12-15
232,Matthew Nunez,martinjody@example.net,Coxberg,Arizona,2025-10-02
233,Bonnie Davis,robert62@example.net,Wrightburgh,Connecticut,2024-02-23
234,Lisa Golden,franciscowebster@example.com,Port Madison,South Carolina,2025-05-05
235,Gina Ellis,brianhumphrey@example.org,East Shawn,Colorado,2025-08-05
236,Anthony Martin,martinmiranda@example.net,Amyton,Pennsylvania,2026-04-15
237,Geoffrey Jenkins,carternatalie@example.com,Powellbury,Rhode Island,2026-08-26
238,Kenneth Austin,collinskristin@example.net,Lindashire,Michigan,2025-07-09
239,Colleen Becker,emanning@example.org,Lake Virginiahaven,Oregon,2025-08-17
240,Latasha Ramirez,jaredpena@example.com,Johnsonbury,Oklahoma,2024-09-21
241,Kyle Sutton,matthew83@example.org,North Tracy,Arkansas,2024-10-25
242,Kathleen Garcia,johnnyhuffman@example.org,Port Brittanyland,Vermont,2024-08-22
243,Melissa Chang,anne93@example.com,East Danielle,Vermont,2026-03-20
244,Alexandra Le MD,joan95@example.com,West Aprilbury,Ohio,2026-08-13
245,Savannah Mendoza,obrown@example.net,Linview,Michigan,2025-01-18
246,Suzanne Martinez,xbryant@example.com,Allisontown,Kentucky,2025-06-21
247,George Welch DVM,nstevens@example.net,Lake Lori,Minnesota,2025-08-10
248,Angela Johnson,thomasjohnson@example.org,Brettbury,Montana,2024-01-01
249,Brian Thompson,jamesrodriguez@example.com,East Williamshire,Montana,2024-03-07
250,Karen Norman,olivia90@example.org,Chavezside,Kansas,2024-07-13
251,Marvin Johnston,ashleyhancock@example.org,Port Keith,Arizona,2026-04-26
252,Johnny Garcia,stephaniehernandez@example.org,Carterbury,Arizona,2024-03-10
253,Patrick Palmer,zburgess@example.com,Port Jamesside,Georgia,2024-07-06
254,Michael Rodriguez,baldwinmegan@example.org,Veronicaland,Maine,2024-06-30
255,Lauren Perez,rosedavid@example.net,East Nathanielville,Oregon,2025-03-03
256,Heidi Baker,vargasronald@example.net,New Andrew,Alaska,2025-08-14
257,John Jordan,glensullivan@example.net,Port Savannah,Tennessee,2024-07-12
258,Michele Montgomery,jessica04@example.net,South Ivanland,Alaska,2025-08-18
259,David Rodriguez,castilloangela@example.org,Chadshire,North Carolina,2025-11-20
260,Terri Mccormick,anthonycohen@example.net,Ericside,California,2024-05-16
261,Ellen Bauer,ericthomas@example.org,Jordanmouth,Arkansas,2025-07-05
262,Terri Contreras,richard65@example.net,Judyshire,Nevada,2026-05-22
263,Bobby Bailey,blynch@example.net,Reyesfort,Delaware,2026-07-28
264,Desiree Burns,amy63@example.org,New Patriciaberg,Mississippi,2025-02-25
265,David Phillips,avilacrystal@example.net,East Roberto,South Carolina,2024-07-19
266,Jason Reed DDS,wattstina@example.org,Englishshire,Mississippi,2025-06-10
267,Trevor Rodriguez,bellsharon@example.org,North Stevenland,North Carolina,2025-02-03
268,Kelly Carlson,collinsjennifer@example.org,West Jennifer,Florida,2025-07-02
269,Bridget Cline,daniel17@example.net,Keithhaven,Illinois,2024-04-02
270,Elizabeth Wagner,jwilliams@example.com,Harrisview,Kentucky,2024-03-26
271,Christopher May,smithbradley@example.net,East Karenview,Indiana,2026-01-11
272,Heather Johnson,biancamayer@example.net,Shieldsfurt,Florida,2026-02-20
273,Dalton Wood,emiller@example.org,South Tonyfort,Mississippi,2024-12-04
274,Peter Weaver,jacquelinemoreno@example.org,East Andrew,Montana,2025-11-18
275,Joseph Williams,pwilliams@example.net,North Amandaburgh,New York,2025-08-24
276,Becky Hudson,cheryl09@example.com,Port Jennifer,Montana,2025-01-27
277,Jennifer Bishop,jonescody@example.com,West Erikfort,New Mexico,2025-04-01
278,Dustin Reynolds,schneidermelissa@example.net,Katrinabury,Idaho,2026-02-24
279,Michael Cook,zmendez@example.com,West Mary,South Carolina,2024-07-28
280,Christopher Bryant,wendystewart@example.net,North Kennethbury,Ohio,2025-04-11
281,Cynthia Allison,gwhite@example.net,Lake Danielleville,Pennsylvania,2025-11-28
282,Timothy Williams,fshaw@example.org,Juliahaven,New Hampshire,2025-01-27
283,Daniel Short,aadams@example.net,West Christopher,Rhode Island,2026-01-19
284,Jessica Rodgers,manningchristopher@example.net,New Michael,New York,2026-06-26
285,Robert Avila,kristenhaynes@example.org,East Matthewstad,Ohio,2025-08-16
286,Matthew Camacho,robert75@example.org,Rogerschester,New Jersey,2025-09-30
287,Micheal Fox,charlesellis@example.org,Lake Seanport,Texas,2024-08-18
288,Robert Donovan,kevinhawkins@example.com,Port Jean,Wisconsin,2026-08-13
289,Tracie Cortez,ryan27@example.org,North Ryanhaven,North Carolina,2025-04-03
290,Donna Smith MD,cynthia85@example.com,East Justin,Arizona,2024-10-18
291,Angela Burns,katrinaharris@example.org,North Alexis,Montana,2024-01-21
292,Elizabeth Parks,oneillamanda@example.org,New Alicia,Nevada,2025-04-16
293,Charles Campbell,erikburnett@example.net,Mccoyview,Kentucky,2024-03-02
294,Erin Robinson,harringtonamy@example.org,South Tyler,South Dakota,2024-09-25
295,Tiffany Reyes,dalvarez@example.org,Lake Dawnburgh,North Dakota,2026-08-05
296,Eric Clements,jeffrey00@example.org,East Cheryl,Washington,2024-09-28
297,Kayla Davis,mccoycharles@example.net,Scottchester,Mississippi,2024-08-26
298,Justin Madden,owenemily@example.net,East Douglas,Alaska,2025-04-14
299,Michael Alexander,xcooper@example.org,Shanestad,Washington,2024-01-15
300,Heather Mcdaniel,cochranwalter@example.net,North Nicholasport,Louisiana,2024-03-09
301,Lauren Yoder,mooretommy@example.org,Port Vincenthaven,South Dakota,2025-07-27
302,Timothy Chaney,julie03@example.com,Scottview,Montana,2023-11-13
303,Ricky Jordan,joycedaniel@example.org,West Terrychester,New Jersey,2025-01-06
304,Tracy Ward,mitchell10@example.net,Sheppardton,Alabama,2023-12-18
305,Pamela Thompson,ystephens@example.net,Darrenshire,Maine,2026-03-20
306,Mrs. Sherry Wright,douglassarah@example.org,Port Ianshire,Oregon,2025-01-06
307,Melinda Hebert,robert01@example.com,Scottstad,New Jersey,2026-01-24
308,Jacqueline Floyd,brenda83@example.net,West Jillbury,Nebraska,2025-12-20
309,Bryce Pierce,donald57@example.com,New Samantha,Tennessee,2026-06-15
310,Jeremy Vega,raymondboyd@example.org,Michaelport,Arkansas,2024-04-11
311,Justin Anderson,maryallen@example.org,Robertstad,Colorado,2024-09-24
312,Anita Torres,xoliver@example.org,East Tracifort,Michigan,2025-10-22
313,Katie Scott,jonathan05@example.com,East Jill,Missouri,2025-06-30
314,Jordan Martinez,amymarshall@example.net,New Sheilahaven,Alabama,2025-07-20
315,Christian Hanson,bergfrederick@example.com,New Sarabury,Tennessee,2025-06-14
316,Vanessa Herring,bcobb@example.net,South Sandra,Hawaii,2023-09-25
317,Sara Lambert,ryan37@example.org,Barrmouth,South Dakota,2024-06-08
318,Jeffrey Hurley,kaitlinrubio@example.net,Lake Davidmouth,Mississippi,2026-07-02
319,Benjamin Elliott,zlopez@example.com,West Dianaburgh,Colorado,2026-08-25
320,Troy Cain,cookdaniel@example.net,Vasquezfurt,Indiana,2024-02-28
321,John Edwards,velezcandice@example.net,West Ryanview,New Hampshire,2023-10-01
322,Mark Benson,qmueller@example.org,South Michaelshire,Wisconsin,2026-04-15
323,Amy Phillips,jonathanlawrence@example.net,South Hayleyport,Minnesota,2026-07-01
324,Paul Reed,kellyriley@example.net,Kennedyville,Idaho,2025-11-03
325,Anthony Miller,xbutler@example.net,North Brian,Alaska,2026-08-04
326,Omar Fry,michaelholmes@example.com,New Jennifertown,Minnesota,2024-11-04
327,Connie Olson,ortegajoseph@example.com,New Richard,Louisiana,2026-02-02
328,Robin Garcia,hwilliams@example.com,Deleonborough,Alaska,2025-07-15
329,Anna Scott,blakeharrison@example.com,Williamland,Indiana,2024-04-20
330,David Velasquez,kjones@example.com,Dawnburgh,Massachusetts,2026-06-18
331,Terry Cherry,wrogers@example.com,Harrisland,Ohio,2025-04-11
332,Karen Wilcox,aglenn@example.net,Brendamouth,Montana,2025-01-12
333,Nathan Peterson,bartonerika@example.net,East Nicoleton,Oregon,2025-09-21
334,Amber Blake,nicolereid@example.net,Markfort,New Mexico,2025-03-21
335,Kathleen Carter,patricia22@example.org,Amandatown,South Carolina,2025-09-21
336,Andrea Peterson,millercarmen@example.org,Smithmouth,Tennessee,2025-03-06
337,Michael Thompson,martindawn@example.com,Brittneyton,West Virginia,2024-08-08
338,Candice Carey,josephmiller@example.org,North Natashaside,Delaware,2026-04-25
339,Erika Stone,matthewjohnson@example.net,Chavezville,Nevada,2024-03-29
340,Joseph Miller,gregory24@example.net,Garyville,New Hampshire,2024-01-26
341,Brian Hanna,whitenicole@example.org,Lake Jasmine,Ohio,2024-11-16
342,Jonathan Hicks,qjohnson@example.org,West Waltershire,Wisconsin,2026-03-16
343,Martin Lopez,griffinbill@example.org,Lisaborough,West Virginia,2026-02-21
344,Kimberly Clarke,howellernest@example.com,Anthonyborough,South Dakota,2023-12-23
345,Theresa Hernandez,colemanhailey@example.org,Port Kevin,Kansas,2025-03-05
346,Brent Church,mathewstrevor@example.com,Wolfeton,Louisiana,2025-05-02
347,Cheryl Santos,tmaldonado@example.org,Harrischester,Pennsylvania,2025-12-26
348,Ashley Williams,uwhite@example.org,Rioston,Minnesota,2025-07-22
349,Mr. Stephen Thomas,pcarney@example.net,New Yvonnehaven,Oklahoma,2023-10-28
350,Tami Blair,briandurham@example.org,Jacobsstad,Massachusetts,2026-01-14
351,Nicholas Reynolds,xkelley@example.org,Derekmouth,Maryland,2025-11-16
352,Jennifer Berry,kelleydaryl@example.com,North Brittany,Arizona,2025-07-11
353,Garrett Kennedy Jr.,parkerandrew@example.com,Knappton,Maryland,2025-10-08
354,Elizabeth Hernandez,gabriellahenderson@example.com,Bradleyberg,Arkansas,2024-08-16
355,Heidi Lee,luis93@example.net,Christineborough,Wyoming,2026-02-14
356,Robert Hill,morrisonsarah@example.com,Buckton,Kansas,2024-07-30
357,Brad Boyd,robert92@example.net,Millsburgh,Nevada,2025-10-26
358,Brittany Walsh,heather75@example.com,Andreachester,Maryland,2024-01-12
359,Mary Young,fcook@example.org,Thompsonburgh,Oregon,2025-01-26
360,Mariah Wood,zunigamargaret@example.net,South Troyport,Tennessee,2025-07-20
361,Mark Lee,fshields@example.org,East Jacobberg,Maryland,2026-04-19
362,Jody Williams,donna18@example.net,Jenkinsmouth,Delaware,2026-01-04
363,Joan Carey,jlee@example.org,Danamouth,Kentucky,2025-09-04
364,Richard Moran,kristineharper@example.com,North Denise,South Dakota,2024-03-17
365,Melissa Simon,hallkatherine@example.org,Christopherhaven,New York,2025-12-22
366,Amber Ball,dmorgan@example.org,Port Megan,Alaska,2023-12-10
367,Craig Scott,hillmichael@example.com,Brandonmouth,North Carolina,2025-10-30
368,Marilyn Morris,yudonna@example.net,North Elizabeth,Oklahoma,2024-02-24
369,Kyle Vasquez,brentholder@example.org,Monicaview,Utah,2023-10-06
370,Nicole Williams,tiffanywhite@example.net,Aprilbury,Wyoming,2025-04-28
371,Hannah King,vasquezlisa@example.org,Lake Mariatown,Massachusetts,2025-03-19
372,Kevin Obrien,martha16@example.org,Lake Eric,Mississippi,2023-10-22
373,Jamie Tucker,zhayes@example.com,Millertown,Michigan,2026-05-26
374,Micheal Valdez,qreilly@example.org,West Johnton,California,2025-01-31
375,Robert Johnson,myersmichael@example.org,Farrellberg,Maryland,2025-10-22
376,Mrs. Brenda Thomas,christinabradley@example.org,Douglasshire,New Jersey,2026-05-02
377,Timothy Wilson,ricelauren@example.org,South Ashleyville,Louisiana,2026-03-10
378,Ronnie Smith,owensdeborah@example.com,South Reginaldmouth,Minnesota,2025-12-26
379,Scott Norman,michaelwarren@example.com,Weissland,South Carolina,2024-09-18
380,Brandon Baker,dalvarez@example.com,North James,Virginia,2025-10-19
381,Sara Herring,millerchristopher@example.net,Fitzgeraldmouth,Wyoming,2026-02-10
382,Shari Crawford,anthony90@example.net,Carriehaven,West Virginia,2025-06-11
383,Dr. Jill Evans,amanda26@example.org,Port David,Utah,2023-10-01
384,Brittany Chase,marshalljames@example.net,Websterhaven,Florida,2025-09-11
385,Cynthia Bond,xgilbert@example.org,Lake Tyrone,Connecticut,2025-12-09
386,Veronica Gonzalez,cameron34@example.org,South Megan,Kentucky,2026-03-22
387,Emily Rhodes,mmccarthy@example.org,West Felicia,Texas,2026-05-20
388,Nicholas Lam,rhodesjavier@example.net,Annastad,Alaska,2023-11-02
389,David Rodriguez,dennis56@example.com,West Julieborough,Wisconsin,2026-06-04
390,Anthony Velez,ronaldjones@example.net,Lake Ryan,Georgia,2025-03-06
391,Katherine Paul MD,kimberly55@example.org,Carlyfurt,Arizona,2025-12-16
392,Denise Robbins,sherri74@example.org,Sandovalport,Mississippi,2025-08-02
393,Amanda Summers,glopez@example.org,North Autumnport,Vermont,2026-05-01
394,Jeffrey Peterson,mgallagher@example.net,Deniseland,Oklahoma,2025-09-09
395,Alicia Austin,emily57@example.com,Pruittborough,North Dakota,2025-08-30
396,Stephanie Stone,mikevasquez@example.com,Port Tyler,Oklahoma,2025-07-04
397,Kenneth Rosales,swansonlauren@example.com,Jordanmouth,Ohio,2026-06-20
398,Paula Alvarez,wubrenda@example.com,North Jean,Mississippi,2025-06-13
399,Rebecca Clark,christopherstephenson@example.net,North Amber,Maine,2023-11-29
400,Jorge Smith,lisa25@example.com,North Robert,Wisconsin,2026-03-22
401,Amanda Houston,michaelvaughn@example.org,Huberfort,New Hampshire,2025-01-28
402,Emily Brooks,vanessa26@example.net,North Markville,North Dakota,2024-12-17
403,Howard Shah,fostertony@example.com,Danabury,Kansas,2023-10-08
404,Amber Leon,thorntonveronica@example.org,Judithshire,Montana,2024-09-10
405,Lori Davis,vaughnkristina@example.org,Port Nicholas,South Carolina,2026-05-05
406,Alison Hess DDS,alexanderjeffrey@example.com,New Mollyland,New Jersey,2025-02-24
407,Deborah Smith,rsimon@example.net,Kennedystad,Montana,2026-01-14
408,Amanda Hall,kestrada@example.net,Lake Chad,Montana,2026-06-06
409,Lori Thompson,charlotte81@example.net,Murphyside,Tennessee,2023-10-30
410,Sarah Short,daryl49@example.org,Port Kimtown,Minnesota,2026-04-09
411,Mary Nichols,kaitlynbrowning@example.org,Karentown,Connecticut,2024-07-23
412,Kaitlyn Perez,blynch@example.net,Garciafurt,New Jersey,2024-04-04
413,Sarah Miller,tcarter@example.net,Changmouth,Florida,2026-02-08
414,Seth Mitchell,keith07@example.com,New Joanne,Texas,2025-08-08
415,Maxwell Jacobs,iharris@example.net,Michaelburgh,Kentucky,2024-08-26
416,Jerome Cunningham,katherine72@example.net,Port Erinshire,Missouri,2023-12-27
417,Christine Bennett,lynchpatrick@example.org,Lake Jeremychester,Alabama,2024-04-30
418,Mr. Bernard Foster,hicksjennifer@example.net,New Amyville,Montana,2024-06-16
419,Alex Mcgrath,krauselisa@example.org,New Ann,Oregon,2026-06-14
420,Jennifer Gonzalez,bensonwendy@example.org,North Christopher,West Virginia,2024-03-13
421,Chris Lane,yusamantha@example.org,Wilsonfurt,Louisiana,2026-07-19
422,Martha Price,hendersonjane@example.net,South Christina,Florida,2025-06-10
423,David Carter,tcollins@example.net,West Matthewstad,Colorado,2026-04-17
424,Kyle Serrano,sarias@example.org,New Heatherfurt,Kentucky,2023-10-30
425,Stephanie Harris,fmontes@example.org,North Alexandrafurt,South Dakota,2025-10-16
426,William Blair,lisa29@example.org,East Tinamouth,Colorado,2025-06-25
427,Phillip Cooper,pattonchristina@example.org,East Amy,Illinois,2025-07-14
428,Frank Robinson,jbest@example.org,North Jillbury,North Dakota,2025-01-05
429,John Hamilton,nanderson@example.net,Allenmouth,California,2025-04-12
430,Rachel Wise,william62@example.net,North Michael,Virginia,2025-10-09
431,Allison Thomas,jeffrey38@example.net,Port Lisa,Tennessee,2024-10-04
432,Michael Moore,timothy69@example.net,New Tyler,Nebraska,2024-03-09
433,Karen Johnston,dawn06@example.org,Samuelshire,Kansas,2025-07-25
434,Zachary Frye,whitneyjenkins@example.net,Phillipsland,South Carolina,2025-06-25
435,Elizabeth Hawkins,powerskimberly@example.net,Crystalborough,South Dakota,2024-08-11
436,Matthew Bryant,eknight@example.org,West Dennishaven,Connecticut,2026-06-25
437,Sierra Smith,wevans@example.net,New Karaborough,Florida,2026-02-21
438,Elizabeth Collins,timothybrown@example.org,Lake Jennifer,Ohio,2024-11-05
439,Eric Reyes,vanessaholder@example.com,Matthewbury,Wyoming,2026-08-06
440,Elizabeth Estrada,piercejim@example.org,South Jessica,Vermont,2026-03-06
441,Cole Hurst,erickennedy@example.com,West Jessicastad,West Virginia,2024-04-23
442,Cynthia Allen,kim24@example.net,East Johnborough,New York,2024-10-06
443,Roger Woods,whitepamela@example.net,Lake Suzanne,California,2024-01-26
444,Brent Williams,joseph49@example.com,Jessicashire,Montana,2023-11-07
445,Steven Barrett,matthew79@example.net,Denisefurt,Kansas,2024-07-16
446,Brittany Smith,epeterson@example.net,North Anthonystad,Indiana,2024-05-24
447,Mike Rich,ssmith@example.org,Lake Garrett,North Carolina,2026-09-02
448,Tonya Key,vguerrero@example.net,Blackhaven,Mississippi,2023-10-10
449,Donna Silva,stephanie23@example.org,Cassiefurt,Louisiana,2026-07-18
450,Christopher Garcia,xyoung@example.com,East Angelaborough,Georgia,2026-05-29
451,Michelle Dixon,vsmith@example.org,Hillmouth,Washington,2024-08-31
452,Brian Price,yramirez@example.org,Michaelfurt,Rhode Island,2024-07-16
453,Amy Morris,montescourtney@example.net,Millerburgh,Georgia,2025-03-10
454,Edward Conley,markdavis@example.com,Johnsonton,Oregon,2024-10-26
455,Keith Dennis,fostercarol@example.com,Lynchville,West Virginia,2024-09-05
456,Pamela Wagner,svaldez@example.net,Lake Kevin,Wisconsin,2024-09-24
457,Courtney Norris,madeline65@example.org,West Erintown,Nebraska,2024-07-10
458,Julie Thomas,davidtaylor@example.org,Jaytown,New York,2026-04-09
459,Craig Sanders,jason48@example.com,Danielmouth,Tennessee,2024-08-17
460,Sherry Villarreal,xjones@example.org,Taraburgh,New York,2025-03-09
461,Tammy Choi,butlergregory@example.com,Port Kyle,Wisconsin,2025-05-19
462,Melanie Miller,ericmorgan@example.com,Campbellborough,New Jersey,2025-02-26
463,Tyler Hardin,william48@example.com,Simsberg,Virginia,2023-12-28
464,Kayla Thornton,jalvarado@example.org,Lake Danielle,New Mexico,2023-12-11
465,Kim Holder,sharon29@example.net,Lorettabury,Nebraska,2024-10-05
466,Brandon Barnett,yvincent@example.com,Rogerbury,Washington,2026-02-13
467,Mary Ward,bautistakevin@example.com,North Laurenville,Arkansas,2025-01-21
468,Robert Bell,ramirezjames@example.net,Gibsonshire,Wisconsin,2024-11-01
469,Kenneth Buchanan,jacksonkevin@example.net,Port Charlesbury,South Carolina,2024-02-27
470,Eric Soto,nancydavis@example.com,Taylortown,Michigan,2025-04-01
471,Angela Leach DDS,dennis46@example.org,Morganside,Indiana,2025-03-11
472,Emily Montgomery,dean13@example.net,Khanville,Oregon,2024-11-12
473,Brent Townsend,rossann@example.net,Ruizshire,Washington,2025-04-29
474,Nathan Smith,rhiggins@example.org,Brandyshire,West Virginia,2024-02-22
475,Melissa Henderson,ashleylutz@example.org,Harrisview,Tennessee,2025-01-14
476,Isaac Bullock,robertjenkins@example.org,South Davidberg,Louisiana,2025-02-13
477,Andrew Brown,gonzalescatherine@example.com,Rubiotown,Rhode Island,2025-01-12
478,Nicole Taylor,fmonroe@example.com,North Scottland,Louisiana,2024-02-05
479,Mr. Garrett Acosta,xhamilton@example.com,Whitestad,Oklahoma,2026-03-03
480,Frank Castro,danielle61@example.org,South Ashley,Missouri,2025-05-07
481,Pamela Stafford,frederick63@example.com,North Melissachester,California,2025-06-19
482,John Brooks,tranrebecca@example.org,North Bethany,South Carolina,2025-01-18
483,John Hernandez,bmontgomery@example.com,Cindystad,New Hampshire,2025-12-14
484,Erin Stafford,beckycolon@example.com,Glendafort,California,2023-09-14
485,Johnny Rodriguez,williamssamuel@example.com,North Eric,Kentucky,2025-02-02
486,Keith Patton,woodsjuan@example.com,South Michaelshire,New Mexico,2025-02-18
487,Theodore Richard,carneyjason@example.org,East David,Utah,2024-05-20
488,John Barnett,ashley88@example.com,New Elijahview,Vermont,2024-09-25
489,Heidi Russell,clementsaudrey@example.org,Leahfort,Georgia,2025-06-13
490,Shawn Ruiz,antonio62@example.org,Michaelport,Arkansas,2025-11-01
491,Alex House,rebeccarhodes@example.org,South Michael,Delaware,2026-06-17
492,Diane Henry,melissa05@example.net,Simmonsland,Louisiana,2025-01-02
493,Jennifer Gomez MD,jacksonangela@example.org,Brewermouth,Arizona,2024-02-29
494,Katrina Wright,frazierhannah@example.org,New Steven,Hawaii,2023-09-23
495,Carol Cantu,owilson@example.com,Garnerhaven,Kentucky,2026-01-14
496,Denise Hall,michaelstewart@example.org,Reidport,Wisconsin,2024-05-13
497,James Sanchez,erichubbard@example.net,Lake Julie,Maryland,2026-07-09
498,Melvin Bonilla,jason44@example.net,East Elizabethville,Louisiana,2025-04-04
499,Tammie Dixon,samanthabell@example.com,West Timothychester,Arkansas,2026-05-24
500,Beth Morgan,reynoldswilliam@example.com,Elizabethstad,Nevada,2024-02-19
501,James Young,shahfaith@example.com,New John,Illinois,2026-04-04
502,Fernando Williams,melaniesantiago@example.org,North Amanda,Georgia,2024-11-03
503,Nancy Krause,veronica59@example.org,Christopherburgh,Hawaii,2025-11-25
504,Jacob Johnston,michael00@example.com,Dylanport,Missouri,2025-06-02
505,Donald Burton,edward02@example.org,Port Michael,Montana,2026-05-25
506,Douglas White,angela90@example.net,South Thomas,Colorado,2024-08-11
507,Adam Howell,elizabethoneal@example.org,Paulaside,Wyoming,2026-06-09
508,Jordan Orozco,bradbarnes@example.net,Mcfarlandhaven,Tennessee,2026-07-01
509,Colleen Ballard,parkerrachel@example.org,Ernesttown,Minnesota,2025-01-26
510,Charles Marshall,wolfjames@example.net,Jonesville,Hawaii,2026-01-29
511,Lisa Buchanan,scott90@example.org,North Elizabeth,Missouri,2025-03-24
512,Jamie Clark,xduncan@example.net,Lake Robertfort,Washington,2026-06-01
513,Laura Ferrell,kruiz@example.org,West Catherineburgh,Michigan,2025-09-14
514,Gregory Santos,kennedybarbara@example.net,Sherryshire,South Carolina,2024-03-19
515,Jesus Roberts,tylerlester@example.net,North Brandonbury,Missouri,2025-04-17
516,Julie Monroe,chelsea76@example.org,West Lisa,Michigan,2024-03-16
517,Monica Contreras,jeffreymitchell@example.org,Torresport,New Mexico,2025-06-01
518,Paul Woodard,dpowell@example.org,Williamview,Montana,2024-05-14
519,Jason Melendez,mary71@example.com,Reidburgh,West Virginia,2025-04-10
520,Kenneth Faulkner,gbrowning@example.net,New Laurenfort,New York,2025-04-09
521,Nicholas Kelley,matthew68@example.org,Mitchellfort,Colorado,2024-02-08
522,Keith Robertson,uraymond@example.com,New Marvinhaven,Mississippi,2024-01-13
523,Jennifer Lawrence,nicholasdavis@example.org,Amybury,Alaska,2024-10-05
524,Mary Torres,alex99@example.com,New Karenland,Indiana,2026-03-12
525,Christopher Diaz,john42@example.org,Sloanmouth,Virginia,2023-09-24
526,Alexander Ward,ivanclark@example.org,Courtneychester,Idaho,2026-03-25
527,Joel Arnold,cromero@example.net,Michaelside,Kentucky,2024-02-18
528,Amanda Ramirez,medinamariah@example.org,Brownstad,Iowa,2025-07-07
529,Tabitha Roman,lwest@example.net,East Amandatown,North Carolina,2024-04-17
530,James Church,gregorylittle@example.com,Michaelbury,Michigan,2023-12-26
531,Kimberly Jimenez,deborah69@example.net,Butlerfurt,New Hampshire,2023-09-28
532,Rebecca Reynolds,speters@example.com,Angelastad,New Jersey,2024-10-17
533,Jason Allen,wrandall@example.org,Port Belindachester,Mississippi,2024-03-01
534,Belinda Williams,eugene98@example.net,West Thomasstad,Nevada,2024-06-04
535,Dylan Williams,xreyes@example.net,East Daniel,Delaware,2024-08-19
536,Tasha Boyd,kathrynknight@example.com,South Ericmouth,West Virginia,2024-02-21
537,Andrea Grant,robert79@example.com,Valdezville,Arizona,2024-09-20
538,Beth Smith,christineyoung@example.com,South Angelaburgh,Virginia,2025-10-03
539,Tyrone Clark,gonzalesmelissa@example.com,Penamouth,South Dakota,2023-10-07
540,Nicole Armstrong,derek95@example.org,Fosterside,North Dakota,2025-10-26
541,Garrett Braun,timothyhamilton@example.net,Natashamouth,Oregon,2024-02-12
542,Robert Alexander,reyesandrew@example.com,Connerbury,New Jersey,2024-07-19
543,Kathy Pace,phillipmiller@example.net,Kleinville,Montana,2023-11-10
544,Jack Hernandez,rshannon@example.org,New Paulaburgh,West Virginia,2024-04-25
545,Lisa Lewis,robert32@example.com,West Douglas,Arizona,2024-01-30
546,Jasmine Young,bryantbianca@example.net,South Jacobburgh,Oregon,2024-03-21
547,Ashley Johnson,kellynelson@example.net,South Ricardo,Colorado,2025-07-12
548,Hannah Butler,andrecortez@example.com,West Emilyshire,Pennsylvania,2024-01-31
549,Dominique Ayala,colleen74@example.net,Courtneyborough,Nebraska,2025-11-23
550,Nicole Mckinney,donaldsmith@example.net,Ortizchester,South Dakota,2024-05-23
551,Jerome Maynard,arthurmurphy@example.net,Duncanbury,New Jersey,2025-07-24
552,Jesse Garcia,gsimmons@example.com,Port Amyborough,North Dakota,2024-07-08
553,Ann Zuniga,donalddavis@example.net,Murraymouth,Hawaii,2025-02-16
554,Jennifer Jackson,jacksonbrittany@example.com,Elizabethhaven,Texas,2023-09-13
555,Bryan Garrett,george66@example.com,East Scotthaven,Connecticut,2024-04-12
556,Rachel Russell,derrickjimenez@example.net,East Jason,Iowa,2024-10-27
557,Brittany Farmer,cwatkins@example.org,West Nancyfort,Hawaii,2024-01-02
558,Stacey Oconnor MD,debra02@example.com,Sarahchester,Missouri,2023-10-05
559,Dr. Tyrone Miller,benjamin67@example.com,Port Megan,New Jersey,2026-04-05
560,Zachary Robinson,briancox@example.org,West Amy,Nebraska,2024-09-19
561,William Stephens,lisa09@example.net,Brendantown,Delaware,2026-04-05
562,Jennifer Price,meghan22@example.com,Port Barbara,Wisconsin,2024-10-13
563,Brenda Weaver,anna12@example.net,Crawfordmouth,Ohio,2024-02-15
564,Nathan Woods,dnavarro@example.net,Williambury,New York,2026-04-28
565,Ruth James,erica07@example.org,Port Thomas,Pennsylvania,2026-05-24
566,Sandra Carey,kramerstephen@example.org,Walkerbury,Rhode Island,2024-08-31
567,Brian Coleman,dennis03@example.org,East Jeanette,Indiana,2024-10-19
568,Jessica Cole,rachel75@example.com,West Johnfort,South Carolina,2025-11-18
569,Michael Robertson,nguyenwilliam@example.net,Mcmillanborough,Mississippi,2024-05-18
570,Mallory Gregory,justin30@example.org,Wadehaven,Nevada,2025-03-23
571,Beth Sullivan,kcarrillo@example.net,East Marcus,Rhode Island,2025-08-07
572,Elizabeth Sosa,llee@example.com,Aprilside,South Carolina,2025-09-28
573,Natalie Coleman,dawn53@example.org,Rossside,Massachusetts,2025-07-30
574,George Ayala,ashley49@example.org,Lake William,New Jersey,2025-01-19
575,Samuel Davis,christopher30@example.net,Alexanderbury,Missouri,2025-05-03
576,Autumn Gutierrez,lauracastaneda@example.org,Roberthaven,Wyoming,2026-01-06
577,William Dunn,edawson@example.org,New Rebecca,Nevada,2024-04-15
578,Laura Johnson,victoriastark@example.net,West Jimmy,Alaska,2024-05-11
579,Sarah Fritz,lauren60@example.net,New Annaport,Nebraska,2026-01-17
580,Diana Irwin,garyross@example.com,Johnport,West Virginia,2025-07-24
581,Kari Hawkins,athomas@example.org,Dianemouth,Iowa,2025-02-14
582,Keith Rhodes,lauren62@example.net,Loganchester,Oklahoma,2025-06-05
583,Kyle Donovan,stephen69@example.org,New Adamtown,Louisiana,2026-04-21
584,Stephanie Parker,tamara45@example.net,Port Jameshaven,Missouri,2025-02-22
585,Erin Colon,tabitha94@example.org,Anthonystad,Connecticut,2026-04-20
586,Shannon Sexton,thomasmoran@example.net,South Jeromehaven,West Virginia,2025-07-27
587,Kathy Gonzalez,laurenlopez@example.net,Swansonfort,Pennsylvania,2025-09-07
588,Erica Hill,fischermichael@example.net,Meganhaven,Wisconsin,2025-04-28
589,Tim Scott,xswanson@example.org,New Robert,North Dakota,2025-02-01
590,Michael King,nfoster@example.net,Michaelmouth,New Hampshire,2025-12-18
591,Benjamin Hunter,dflores@example.com,New Jamesside,Maine,2024-02-17
592,Leslie Franco,leonardvargas@example.net,Angelaberg,Wisconsin,2025-01-12
593,Marcus Roberts,allenjennifer@example.net,Joshuaton,New Mexico,2025-11-30
594,Madeline Shelton,michaelpham@example.net,Port Justin,Oklahoma,2024-05-02
595,Alyssa Butler,nicole16@example.org,Raytown,Wisconsin,2024-10-11
596,Erik Hernandez,ebradford@example.org,West Leslie,Iowa,2024-03-07
597,Frederick Reyes,mark29@example.net,New Christopherport,Minnesota,2025-12-18
598,Rachel Edwards,jennifer54@example.com,West Lisa,Nevada,2023-12-18
599,James Sharp,scott27@example.org,Port Richard,North Dakota,2023-11-21
600,Holly Wright,johnsonlance@example.org,Lake Roberta,Maine,2025-11-07
601,Nicholas Kirby,johnvasquez@example.com,Jacobburgh,New York,2024-01-31
602,Gina Baker,swansondanielle@example.com,East Elizabethstad,Minnesota,2024-10-31
603,Joe Fisher,bethany81@example.org,East Tiffanyport,Iowa,2023-10-26
604,Benjamin Quinn,mary86@example.org,North Angela,Connecticut,2023-12-18
605,Regina Ramirez,allisongutierrez@example.net,North Jason,Arizona,2026-04-26
606,Stanley Harrington,vgreen@example.org,Christopherbury,South Dakota,2024-10-21
607,Steven Sullivan,cassidy80@example.net,Johnsonmouth,Vermont,2026-02-17
608,Mark Becker,joshuawhite@example.org,Ericborough,Oregon,2025-03-24
609,Nicole Harvey,stephanieschultz@example.net,Rollinstown,Connecticut,2025-05-11
610,Brenda Mcclure,hcaldwell@example.org,South Christopher,South Dakota,2023-09-07
611,Crystal Johnson,carol33@example.net,East Suzannestad,Vermont,2023-12-27
612,Carlos Ortega,madison36@example.org,East Danielfort,Minnesota,2024-09-16
613,Jordan Graves,mcbridedarrell@example.org,Michelemouth,Rhode Island,2023-09-17
614,Joseph Ballard,ryancampbell@example.com,South Kristinfort,Oklahoma,2025-12-21
615,Maria Sexton,john28@example.org,North Brian,Vermont,2025-12-26
616,Janet Lee,elliskendra@example.net,Jonesstad,Oregon,2023-10-04
617,Samuel Castillo,anne15@example.net,Colemouth,Indiana,2026-05-26
618,Susan Hines,steven14@example.net,East Leahberg,Ohio,2024-11-07
619,David Robinson,brandonmitchell@example.org,East Diane,Iowa,2024-08-16
620,Claudia Payne,jhamilton@example.net,South Philip,Tennessee,2026-04-20
621,Jason Valdez,irobertson@example.org,Tamaratown,Michigan,2026-06-09
622,Harold Everett,qgay@example.net,New Willie,New Jersey,2026-03-18
623,Jaime King,jamesmcdonald@example.com,Hartbury,New York,2024-03-26
624,Dr. Destiny Strickland,wcalhoun@example.net,South Anthonytown,North Carolina,2025-11-08
625,Jennifer Cain,nathanielsmith@example.org,Camposville,Idaho,2024-07-25
626,Alan Murphy,morganbarbara@example.com,Barbaratown,Texas,2024-03-01
627,Jill Bolton,qjohnson@example.org,Laurieberg,Washington,2025-12-20
628,Austin James,matthewmorton@example.net,New Vickiefort,Florida,2026-01-19
629,Jay Ward,johnsondebra@example.com,Lake Eric,Pennsylvania,2024-09-11
630,Krista Pace,harperkimberly@example.net,South Keith,South Carolina,2026-06-21
631,Rebecca Dominguez,lunajustin@example.org,East Joseph,Idaho,2024-08-27
632,Jon Morris,fsmith@example.com,Randytown,Missouri,2024-09-07
633,Mrs. Alyssa Garcia DVM,delacruzpaul@example.net,Phamfort,Alaska,2026-07-29
634,Robert Mayer,amy28@example.com,West Christian,Kentucky,2024-06-26
635,Andrew Wood,gnewton@example.com,Lake Jamesstad,Louisiana,2025-06-24
636,Leslie Barnes,steven02@example.com,East Courtney,Wyoming,2025-01-04
637,Richard Davis,erinscott@example.net,Lake Michael,Florida,2025-03-12
638,Tammy Fletcher,gutierrezrodney@example.com,Ruthton,Alaska,2023-10-30
639,Melissa Russell,morrisjennifer@example.org,Wallacetown,Pennsylvania,2024-08-01
640,Amber Smith,allenashley@example.net,North Donnaberg,Maryland,2026-07-01
641,Andrea King,tarapetersen@example.org,North Tiffanyland,Rhode Island,2023-11-02
642,Paul Martinez MD,qdaniel@example.net,Port Jeanland,Kansas,2026-03-17
643,Belinda Smith,lstewart@example.com,Port Anthonyport,South Carolina,2026-06-28
644,Olivia Mccullough,xpayne@example.com,East Megan,Florida,2025-03-10
645,Ronald Horton,ryanfuller@example.org,East Malik,Georgia,2025-04-04
646,Randy Guerra,rhonda06@example.org,New Michael,California,2024-11-24
647,Trevor Clark,lbaldwin@example.com,West Sarah,Massachusetts,2024-09-06
648,Kathryn Gibbs,ruth33@example.com,Johnland,Pennsylvania,2025-10-25
649,Rachel Weiss,claudialuna@example.net,West Robertton,Maine,2026-04-05
650,Bernard Contreras,dawn45@example.org,New James,Idaho,2023-09-30
651,David Randall,kbrown@example.com,South Davidtown,Alabama,2024-07-07
652,Audrey Howard,amandafleming@example.org,Hopkinsmouth,Nevada,2024-04-05
653,Christopher Mitchell,lsims@example.com,West Loriton,Mississippi,2025-05-23
654,Charles Brandt,steven46@example.net,Jensenside,New York,2026-08-21
655,Sarah Morrison MD,hebertcassandra@example.net,South Scottville,Indiana,2026-03-10
656,Calvin Sims,sherri73@example.com,Leonardhaven,Indiana,2025-03-22
657,Amy Hernandez,ghenson@example.net,South Melissa,South Dakota,2024-12-09
658,Jeremy Cole,ecarson@example.com,North Autumn,Arkansas,2025-06-19
659,Joshua Hays,davidfry@example.org,Sullivanville,North Carolina,2024-10-16
660,Jeremiah Adams,sandersadam@example.com,New Lindsey,Rhode Island,2024-01-01
661,Frank Love,jhester@example.com,Burgessland,Maryland,2025-02-05
662,Theresa Fisher,ifarmer@example.org,Port Kevinland,Alabama,2024-05-20
663,Ryan Jones,martha87@example.net,Port Moniquestad,Kentucky,2024-04-28
664,Daniel Welch,leslie47@example.net,West Jessicachester,North Dakota,2025-04-11
665,John Hoover,phamamy@example.net,South Wendy,Alaska,2024-02-02
666,Jenny Smith,brettwhite@example.net,West Christopher,New Hampshire,2025-11-20
667,Kristen Williams,mark27@example.net,Walkerville,Wisconsin,2023-12-03
668,Benjamin Carter,meyerderek@example.com,New Karenburgh,North Carolina,2024-06-16
669,Denise Martinez,vcruz@example.com,Caldwellfort,Alabama,2026-08-20
670,Sarah Davis,kristin14@example.com,West Maryberg,Maryland,2025-10-22
671,Dylan Ruiz,feliciawilliams@example.com,North Angela,North Carolina,2024-01-21
672,Thomas Smith,bowenrebecca@example.com,Port Kennethstad,Oklahoma,2026-08-18
673,Katie Hooper,juliamartinez@example.com,Lake Stevenfort,West Virginia,2024-08-24
674,Kenneth Stewart,jacob82@example.org,East Antonioton,New York,2024-02-14
675,Matthew Dawson,bakerkevin@example.com,Lake Christineberg,Indiana,2024-06-28
676,Nicholas Morales,alexanderdeborah@example.net,Angelaburgh,Illinois,2024-10-24
677,Daniel Wilson,pbrewer@example.net,Danielborough,California,2025-10-28
678,Natalie Shaffer,jennifer60@example.net,South Patrick,Massachusetts,2024-11-24
679,Amber Jenkins,mlee@example.com,Maryborough,Georgia,2026-06-09
680,John Griffin,patrick26@example.net,Lake Scottfort,Illinois,2024-12-06
681,Nathan Mccoy,sarah12@example.com,Lake Tammyfort,Nebraska,2024-01-12
682,Lauren Dunlap,hansenkristina@example.com,Royside,Virginia,2025-06-15
683,Jill Kaiser,corey13@example.com,Walkerland,Tennessee,2024-03-07
684,Robert Blackwell,felicia15@example.com,East Austin,New Mexico,2025-02-25
685,Samantha Rice,lauriecain@example.com,West Brian,Tennessee,2025-10-29
686,Daniel Dorsey,christyhall@example.com,Haysburgh,New Hampshire,2023-11-10
687,Thomas Graham,baileydustin@example.org,Herreraport,North Carolina,2026-04-08
688,Thomas Harris,paul48@example.org,Johnbury,Colorado,2023-12-31
689,James Ward,daguilar@example.com,Lake Kathryn,South Carolina,2025-07-27
690,Erica Young,tfuentes@example.net,New Stacey,Idaho,2026-07-15
691,Madison Mosley,heather06@example.org,Harmonbury,New Hampshire,2025-12-08
692,Rachel Silva,slopez@example.org,New Christina,Colorado,2023-12-17
693,Jessica Love,alexandriareed@example.com,East Nancy,North Carolina,2025-07-15
694,Francis Anderson,drichardson@example.com,Lake Pamelafort,New Hampshire,2025-10-11
695,Jacob Reid,espinozasteven@example.org,New Christopher,Pennsylvania,2023-12-01
696,Joseph Brown,andersonmary@example.org,New Matthew,New York,2025-03-31
697,Joshua Torres,millerjames@example.net,Lamshire,New Hampshire,2024-01-06
698,Andrew Garrison,erinkane@example.net,Westside,Alabama,2024-05-29
699,John Tran,bsmith@example.com,West Kelly,Mississippi,2026-06-29
700,Diana Massey,lgoodman@example.org,Tiffanyborough,Connecticut,2025-06-14
701,Tammy Stone,hlester@example.com,Sarahmouth,Utah,2025-07-17
702,Natalie Cervantes,delliott@example.com,Abigailborough,Iowa,2024-03-30
703,Carol Clark,garciajames@example.org,Cathyborough,Georgia,2024-04-11
704,Kyle Nunez,pmiller@example.org,West Bradley,Hawaii,2024-12-14
705,Mr. Anthony Scott,benjaminarellano@example.com,Alanchester,Nevada,2024-11-18
706,Connor Stanley,jerrymiller@example.com,East Kathrynfort,Nebraska,2024-10-25
707,Brianna Morrison,caleb28@example.net,Nortonmouth,Minnesota,2023-11-15
708,Jessica Reynolds,wtorres@example.com,Rachelstad,Montana,2024-06-07
709,Terri Walls MD,jimmy96@example.org,East Victoria,South Dakota,2025-06-20
710,Angela Meyers,bradgreen@example.com,Melissastad,Indiana,2024-11-12
711,Melanie Simmons,robert31@example.net,Howardfort,Tennessee,2025-02-25
712,Derek Green,dennis79@example.org,North April,Hawaii,2026-06-20
713,Alicia Campbell,pbush@example.com,Angelaport,Kansas,2024-09-30
714,Mary Gibbs,jamespayne@example.net,East Katie,Georgia,2024-11-30
715,Samuel Silva,jamesnicole@example.com,Port Jesse,Indiana,2025-12-23
716,Charles Cross,josephjennifer@example.net,New Justin,Arizona,2026-01-16
717,Brian Brown,rosemark@example.org,Port Lynnshire,Iowa,2024-12-14
718,Erin Ibarra,romerooscar@example.com,Danielhaven,Indiana,2026-05-02
719,Alexis Richardson,juan54@example.org,Lake Caitlin,Virginia,2025-08-16
720,Rebecca Lewis,emilybrown@example.net,Millerton,Delaware,2024-05-07
721,Margaret Kennedy,shelly07@example.net,West Jeffreymouth,Missouri,2025-12-17
722,Deanna Cook,jenniferacosta@example.org,Robertport,Utah,2024-06-12
723,Jaime Jefferson,lperkins@example.com,New Christopher,Arizona,2024-06-03
724,Kaitlin Tate,coxbrittany@example.com,Perezland,Illinois,2023-09-07
725,Melissa Stewart,efisher@example.org,North Wendy,North Carolina,2025-07-23
726,Andrew Brooks,adamsshawn@example.org,New Joseph,Hawaii,2023-09-25
727,Douglas Hughes,bobrien@example.net,Carlsonport,North Dakota,2024-12-03
728,Teresa Wilson,adammiller@example.com,North Michael,Oklahoma,2025-07-07
729,Christopher Ray,angelahayden@example.net,Port Reginaldfurt,Hawaii,2025-10-03
730,Karen Hernandez,hdavis@example.com,East Aaron,Michigan,2024-08-08
731,Abigail Campbell,smithjennifer@example.com,Cesarshire,Mississippi,2025-10-01
732,Veronica Brennan,earlthompson@example.org,Ashleyberg,Iowa,2025-04-21
733,Elizabeth Thomas,morenojohn@example.org,South Markland,Maryland,2025-03-29
734,Dr. Jason Sutton,leahsharp@example.com,New Robertshire,South Carolina,2024-06-12
735,Chad Davidson,joseph17@example.org,North Sara,Nebraska,2025-07-22
736,Kenneth Hernandez,brandon74@example.net,Jessicahaven,Washington,2023-12-25
737,Robert Barnes,thomas37@example.com,Brucemouth,South Carolina,2026-06-27
738,Erica Hardin,barbaracollier@example.net,Port Raymond,Kansas,2023-12-25
739,Jennifer Lara,hayescheryl@example.org,Gutierrezville,Vermont,2026-05-28
740,Brenda Chandler,ruizlouis@example.org,Weaverfurt,Illinois,2025-10-15
741,Eric Miller,taylorsuzanne@example.net,South Charles,New Hampshire,2026-03-27
742,Maria Wiggins,daniel10@example.net,Fernandotown,Washington,2025-01-07
743,Lori Casey,douglaswatson@example.com,New Scott,Nevada,2023-10-23
744,William Odom,websterbrandon@example.com,Richardsonport,North Dakota,2026-01-11
745,Christopher Mills,nancyavery@example.net,Larryville,West Virginia,2023-09-30
746,Scott Barber,ucastro@example.net,West Patrick,Arkansas,2025-03-28
747,Joshua Strong,watsondavid@example.net,Christopherview,Utah,2025-09-04
748,Melissa Jones,marisamorales@example.net,Diazstad,Georgia,2024-08-09
749,Janice Martinez,nrichardson@example.com,Williamsport,Rhode Island,2025-04-30
750,Robert Price,christinejohnson@example.com,Julieland,Wyoming,2025-06-06
751,Janet Mclaughlin,gibbsjohn@example.org,Jenniferside,New Jersey,2025-09-18
752,Kevin Delgado,michellerivera@example.net,Shannonmouth,Georgia,2025-04-05
753,Laura Reyes,michelle49@example.net,Brownhaven,Alaska,2023-10-05
754,Christine Sanford,perkinsjoseph@example.com,North Brian,Hawaii,2024-06-22
755,Paige Decker,muellermary@example.com,Port Nathaniel,Georgia,2024-06-12
756,Peter Patel,sshaw@example.net,Rogerstad,Oklahoma,2026-04-20
757,Michael Palmer,frazierdonald@example.net,Jennifershire,Oklahoma,2023-12-11
758,Gina Walker,jeffrey39@example.com,Hunthaven,Tennessee,2025-02-04
759,Tina Frost,christopher07@example.com,Dunnfort,California,2024-01-31
760,Julia Lester,tlewis@example.com,Donaldville,New Mexico,2025-10-17
761,David Wilson DDS,jessicaparker@example.com,New Jennifer,Oregon,2025-01-12
762,Jason Mcfarland,leecarolyn@example.com,East Paulbury,New York,2026-05-17
763,Nathan Johnston,whiteashley@example.net,West Christian,Ohio,2024-11-28
764,Ronald Barry,teresa91@example.org,Caitlinhaven,Rhode Island,2023-12-02
765,Dillon Hughes,jeffrey90@example.com,New Bridgetfurt,Ohio,2024-07-15
766,Brady Vazquez,stacysampson@example.org,Wilsonburgh,Nebraska,2024-08-22
767,Sharon Jackson,baxterangela@example.org,Cesarville,Pennsylvania,2026-04-09
768,Mary Cooper,adamsmark@example.com,Brianfurt,North Dakota,2026-03-03
769,Alexis Peters,leonardrebecca@example.com,East Jacquelinestad,Mississippi,2026-06-20
770,John Rodriguez,johnjimenez@example.org,Kellerview,Alaska,2025-08-25
771,Kelly Gonzalez,johnnywilkinson@example.com,Houstonville,Tennessee,2024-06-01
772,Carol Fowler,jonesmichael@example.com,Wendymouth,North Carolina,2025-12-18
773,Patrick Fields,johngonzalez@example.net,Lake Sabrinaburgh,Kentucky,2023-11-02
774,Nancy Perkins,kathrynsims@example.com,North Beth,South Dakota,2023-10-16
775,Derek Nielsen,dellis@example.net,Port Eugene,Michigan,2024-10-12
776,Aaron Myers,michael34@example.com,South Veronicahaven,Missouri,2024-12-21
777,Ellen Smith,rspears@example.org,Francishaven,New Jersey,2024-03-30
778,Jeffery Oneal,trevor17@example.com,Baileyborough,Missouri,2024-09-15
779,Crystal Anderson,erik05@example.org,Timothyborough,Vermont,2024-06-14
780,Aaron Wells,betty30@example.com,South Melissa,New York,2024-05-06
781,Matthew Nunez,andrewhanna@example.net,Smithtown,Georgia,2025-09-26
782,Louis Graham,jacob73@example.net,Rebeccaland,Tennessee,2024-01-07
783,Julia Buckley,pjones@example.org,Matthewmouth,Georgia,2024-03-04
784,Jason Baldwin,conwaysarah@example.com,Port Robinmouth,Kansas,2025-07-07
785,John Graham,heather97@example.net,Lake Kyle,Pennsylvania,2025-04-24
786,Kenneth Mooney,kyleanderson@example.com,Gonzalezberg,Maryland,2026-05-04
787,Angela Johnson,debbie98@example.com,Georgemouth,South Dakota,2024-11-06
788,Richard Ramos,cbaldwin@example.net,Wisemouth,Virginia,2024-09-17
789,April Jenkins,ruthclark@example.org,Port Lisaburgh,Delaware,2026-03-28
790,Richard Koch,framos@example.com,Jenniferside,Colorado,2024-05-25
791,Michael Charles,jacquelinelee@example.net,Williamsborough,Tennessee,2026-07-12
792,Brooke Murphy,mariahwebb@example.org,Jerrymouth,New Hampshire,2026-08-11
793,Natalie Cunningham,john02@example.com,New Johnland,Arizona,2025-05-26
794,Michael Glenn,hernandezjason@example.org,Spencerstad,Arizona,2024-09-03
795,Edward Powell,johnsonelizabeth@example.org,Lake Jonathanville,Illinois,2026-06-15
796,Albert Oneill,rsanchez@example.net,Port Heather,West Virginia,2024-07-06
797,Travis Harrington,barbaralarson@example.com,Port Geraldport,Louisiana,2025-06-03
798,Elizabeth Morris,julie32@example.com,Port Nathanhaven,Hawaii,2024-02-04
799,Stacy Osborne,roycharles@example.org,North Jenniferberg,Arkansas,2023-10-09
800,Roy Hill,clairehopkins@example.com,East Shawn,Alaska,2025-01-28
801,Julie Wright,emorrow@example.net,New Patriciachester,California,2026-07-08
802,Joseph Krueger,graymelissa@example.com,Sampsonshire,Kansas,2025-01-24
803,Michael Hernandez,bryantandrew@example.net,North Kimberlyview,New York,2024-02-17
804,Christopher Murphy,berryregina@example.net,Vaughnfort,New York,2025-04-22
805,Amy Terry,steven34@example.org,Kellyfurt,Arizona,2026-07-01
806,Thomas Gross,robertsonmichael@example.net,East Michaeltown,Kentucky,2026-07-24
807,Joshua Morris,rachel00@example.com,South Alexis,New Jersey,2025-10-16
808,Andrew Porter,codyrodgers@example.net,South Amanda,Wyoming,2023-12-14
809,Zachary Riddle,lucasjeffery@example.net,West Hollyburgh,Arkansas,2025-11-06
810,Frank Hood,tyler80@example.net,Phillipsfurt,Kentucky,2025-07-23
811,Robert Smith,nguyenandrew@example.net,Rossstad,New Hampshire,2026-07-03
812,Marilyn Yates DDS,charlesarmstrong@example.org,East Geoffrey,Florida,2024-11-24
813,Michael Edwards,lauren10@example.com,Larsonhaven,Rhode Island,2026-03-30
814,James Obrien,robert99@example.org,Ericmouth,Michigan,2025-12-01
815,Karen Reed,achurch@example.net,Gillfurt,Maine,2025-12-28
816,Rachel Lawrence,prubio@example.com,Brookefort,Washington,2026-04-09
817,Alex Scott,peter51@example.com,New Stephanie,Vermont,2026-01-17
818,Roger Moran,ldeleon@example.com,New Trevortown,Nebraska,2024-01-09
819,Christopher Ford,mvargas@example.com,Cynthiamouth,Maine,2024-08-24
820,Cameron Scott,brandon15@example.com,Port Brett,Nebraska,2025-07-15
821,Denise Roberts,rojasdylan@example.com,Jasonville,Minnesota,2026-02-07
822,David Rodriguez,amy74@example.net,Joneston,Alabama,2025-02-22
823,Timothy Romero,brenda03@example.net,Jacobstad,Idaho,2025-11-23
824,Jessica Kelly DDS,benjaminjones@example.org,Anitaview,Kentucky,2025-11-11
825,Greg Greene,umcmahon@example.com,New Kimberlybury,Georgia,2025-09-18
826,Timothy Robinson,frederickramirez@example.net,Dwaynehaven,Mississippi,2025-11-22
827,Erica Torres,zgarcia@example.org,Davisfurt,Colorado,2025-12-27
828,Scott Long,jeremywade@example.org,Nashland,Tennessee,2025-09-12
829,Courtney Strickland,deniselindsey@example.org,East Denise,Oregon,2024-09-09
830,Kyle Williams,ashley99@example.com,East Amandaside,Rhode Island,2026-04-18
831,Diana Wright,jameshernandez@example.net,East Wayneton,North Carolina,2025-02-18
832,William Mcintosh,qgolden@example.org,East Melissafort,Vermont,2026-07-30
833,Rebecca Stevens,wendyclark@example.net,West Angela,New York,2023-10-24
834,Jared Mason,lpreston@example.com,North Alexis,New Jersey,2026-04-26
835,Keith Summers,jessica50@example.net,Valerieland,Virginia,2024-02-20
836,Jessica Chandler,marksjonathan@example.org,Joeborough,Hawaii,2026-06-11
837,Ashley Miller,ashley92@example.com,Adrianshire,West Virginia,2023-10-25
838,Shaun Sanders,brettcannon@example.net,West Maxwellside,Rhode Island,2024-04-14
839,Valerie Roberts,steven68@example.com,Martinezland,Ohio,2025-06-11
840,Jeffery Johnson,smithholly@example.net,West Ericland,Missouri,2023-11-26
841,Barry Woods,rodriguezlisa@example.net,Marystad,South Dakota,2025-02-09
842,Michael Fernandez,jodonnell@example.net,Lake Elizabethland,New Jersey,2026-01-28
843,Teresa Morris,martinjennifer@example.com,Alicialand,Kentucky,2026-06-23
844,Robert Brady,richardkaren@example.org,South Patrick,Minnesota,2025-03-13
845,Marie Lee,amandachandler@example.net,Brownhaven,California,2026-02-26
846,Timothy Pacheco,hhickman@example.com,North Waynefort,South Carolina,2024-02-01
847,Nicholas Watkins,uwong@example.org,New Jaimemouth,Alaska,2025-03-19
848,George Proctor,vstokes@example.net,Port Joannebury,Nevada,2024-07-02
849,Terry Turner,brandon41@example.net,South Jacobborough,Connecticut,2024-10-22
850,Michelle Medina,stephanie60@example.org,North Lorihaven,New York,2024-08-27
851,Catherine Moses,mariah54@example.com,Ruizstad,Arizona,2025-10-07
852,Mark Burke,wardkaitlyn@example.com,Yvonnetown,Rhode Island,2025-12-10
853,Laurie Buchanan,lanceberry@example.org,North Lisafort,Florida,2025-03-21
854,John Young,pachecotasha@example.org,Lake Charlesland,Wisconsin,2023-11-30
855,Anna Flores,paul35@example.org,Youngchester,Indiana,2025-06-11
856,Charles Lane,alexander37@example.net,Hillport,Nevada,2026-08-31
857,Elizabeth Simpson,anthonywalker@example.net,North Kyleshire,Georgia,2026-08-22
858,Mary Richards MD,katherine37@example.com,Robinsonberg,Arkansas,2024-05-29
859,Mark Lee,chanlori@example.org,Franklinview,Arkansas,2026-03-15
860,Gregory Flowers,lauradavis@example.com,Pottermouth,Washington,2025-05-16
861,Harold Barron,jimenezcandice@example.com,Richardshire,Delaware,2024-03-02
862,Jennifer Bryant,zcook@example.org,West Robertborough,North Carolina,2025-07-25
863,Xavier Hill,youngbrittney@example.com,Lake Brittany,Hawaii,2024-01-29
864,David Rodriguez,matthewthomas@example.net,Lambertbury,Ohio,2024-01-30
865,Michael Whitehead,brian46@example.net,Hurstport,Pennsylvania,2025-02-16
866,Jason Robertson,campbellaaron@example.com,Lake Josefurt,Colorado,2023-10-01
867,Chelsea Rivera,simontracy@example.net,Gregoryview,Texas,2024-03-31
868,Christian Leonard,hernandezadam@example.com,East Michelle,Nebraska,2026-07-31
869,Susan Smith,sarahhill@example.org,West Michael,Colorado,2024-01-11
870,Erik Russo,dawn04@example.com,South Cheryl,Illinois,2025-06-28
871,Vanessa Keller,wvargas@example.org,Peterchester,California,2024-12-23
872,Mrs. Veronica Stone PhD,mooredana@example.net,South Joseburgh,Texas,2024-05-03
873,Jacqueline David,lesterstephanie@example.com,Adamston,California,2026-02-25
874,Zachary Mitchell,gregory09@example.org,New Charleschester,New Mexico,2026-05-26
875,Lynn Larson,qpena@example.org,Lisatown,North Dakota,2024-01-03
876,Amber Holmes,morgan45@example.org,Albertshire,Wisconsin,2024-02-21
877,Lauren Thompson,asmith@example.org,West Charlesberg,Nevada,2024-03-02
878,Judy Brooks,ijohnston@example.com,Amandaville,Oregon,2024-10-17
879,Eugene Lynch,ashleyhenry@example.net,New Tylerport,West Virginia,2025-10-08
880,Jennifer Joyce,walkerdenise@example.net,North Heathermouth,Maryland,2024-10-13
881,Dawn Dawson,sball@example.net,Manuelborough,Ohio,2025-11-24
882,Virginia Miller,aaronpotts@example.net,Stephaniefurt,Utah,2023-11-12
883,Mrs. Brittany Oliver,sarahruiz@example.com,Port Dawn,New Mexico,2025-09-22
884,Andrew Martinez,peggychandler@example.com,Millerburgh,Minnesota,2024-03-08
885,Nathan Sutton,trevor45@example.com,Lake Kimberly,Kansas,2024-07-20
886,Marvin Costa,nross@example.org,Lake Ronaldstad,Tennessee,2024-03-25
887,William Dunlap,hannah48@example.org,Jonesbury,Vermont,2025-07-30
888,Melanie Blevins,raymond72@example.net,East George,Rhode Island,2025-05-08
889,Janet Mueller,avilaronald@example.com,East Rogermouth,Wisconsin,2025-12-23
890,Jillian Myers,pmassey@example.net,South Brandonstad,Mississippi,2024-04-11
891,Michele Parks,cody14@example.com,Lukestad,Delaware,2023-09-09
892,Jennifer Elliott,gwendolyngilmore@example.com,Lyonsstad,Indiana,2026-06-03
893,Rachael Martinez,thomasmichele@example.com,Bushhaven,West Virginia,2025-07-19
894,Adam Montgomery,linda95@example.org,Jordanview,Louisiana,2025-02-19
895,Kathryn Hart,carlossmith@example.com,Jasontown,Alabama,2023-12-16
896,Nathan Deleon,rfernandez@example.net,Tracyfort,Utah,2025-09-29
897,Mrs. Deanna Ramirez,whenry@example.com,Rickyport,Washington,2025-11-12
898,Jonathon White,harrisjessica@example.net,East Jamesside,Alabama,2024-02-12
899,Steven Hurley,corozco@example.com,Craigborough,New Mexico,2025-02-11
900,Timothy Nelson,shawtimothy@example.net,New Jennifer,Utah,2024-08-01
901,John Matthews,michelebowman@example.com,Travisshire,Louisiana,2026-01-27
902,James Arnold,charleshudson@example.com,Michaelton,Missouri,2026-01-02
903,James Hopkins,tinaharrison@example.net,Brooksberg,Washington,2025-08-10
904,Sarah Porter,rrodriguez@example.net,New Amanda,Alaska,2025-06-03
905,Jessica Caldwell,rogersfranklin@example.net,Banksville,Oregon,2023-09-05
906,Andrea Hoover,charlessmith@example.org,North Elizabeth,Louisiana,2024-10-19
907,Ann Dunlap,dustin82@example.com,Andersonbury,Alaska,2023-12-29
908,Patricia Bonilla,charlesbailey@example.com,West Rebeccabury,North Dakota,2025-05-31
909,Ashley Nelson,michael88@example.com,Port Jasonton,Virginia,2026-04-07
910,Mia Willis,gilldeborah@example.com,Davidbury,Iowa,2025-06-11
911,James Mckay,chapmansarah@example.org,Teresaside,Maryland,2025-05-26
912,Lisa Johnson,qmurphy@example.net,Youngville,Texas,2024-09-22
913,Cathy Walton,kathryn92@example.org,Mckinneyfort,New Jersey,2024-12-08
914,Victoria Davidson,jamievargas@example.net,West Christophermouth,Arkansas,2026-05-28
915,Amanda Dickerson,dylan73@example.org,West Michael,Arizona,2025-12-16
916,Jeffrey Williams,javier44@example.org,Amandastad,South Dakota,2025-01-05
917,Brian Turner,alexanderjacob@example.com,Lake Sarahside,Montana,2025-05-15
918,Sharon Larsen,msantos@example.org,New George,Hawaii,2024-02-06
919,Kimberly Blankenship,maria24@example.net,New Philip,Nevada,2025-07-25
920,Kevin Keller,shane29@example.com,Derekfort,Minnesota,2024-03-28
921,Tina Woodward,davishunter@example.net,Nicoletown,Colorado,2024-03-29
922,Tamara Bridges,sweeneychristopher@example.com,Scottville,Indiana,2025-10-15
923,Eric Rogers,ccox@example.org,South Jadeborough,Wyoming,2025-06-11
924,Kara Simmons,nbutler@example.net,South Joel,New Mexico,2024-06-09
925,Dr. Ashley Collins,paige46@example.org,Williamsfurt,Indiana,2023-09-29
926,Stephanie Dudley,diana49@example.net,North Wayneshire,Missouri,2026-06-15
927,Gregory Vaughn,dbarber@example.net,Andersonbury,New Hampshire,2026-01-26
928,Troy Wiggins,kristaweber@example.org,Karenview,Delaware,2025-12-14
929,Jonathan Lamb,andersonangela@example.org,Jenniferview,Iowa,2024-12-06
930,Tyler Turner,yvelez@example.net,Robertsonland,Vermont,2024-10-31
931,Rachel Rivera,lwhite@example.org,Josephtown,Vermont,2025-02-26
932,Becky Maxwell,johnsoncynthia@example.com,Vargasmouth,Michigan,2026-07-28
933,Melissa Miles,david87@example.com,Latoyahaven,South Carolina,2024-02-22
934,Jason Sims,fmcgee@example.net,Lake Corey,Oregon,2026-03-12
935,Natalie Butler,ksanchez@example.com,Riddleberg,Wyoming,2025-11-28
936,John Williams,amanda81@example.org,Andreaview,Wyoming,2023-09-16
937,Lisa Mcdonald,andersonsamantha@example.com,Matthewmouth,Arkansas,2025-09-18
938,Robert Jones,john01@example.org,Port Megan,Kentucky,2023-10-01
939,Kelsey Santos,alexiswoods@example.net,North Patricia,Nebraska,2024-06-21
940,Karen Perez,lisa85@example.net,North Morgan,Kentucky,2024-05-01
941,John Ponce,coleluis@example.com,Sierraborough,Oklahoma,2024-01-06
942,Wendy Cantrell,christopher76@example.net,Ronaldport,Massachusetts,2025-01-08
943,Kelly Simon,jsmith@example.net,East Belinda,Kansas,2025-01-26
944,Matthew Franklin,harveymelissa@example.com,Vanessastad,Georgia,2026-04-29
945,Christopher Reeves,melissakelley@example.org,Johnathanton,Ohio,2026-02-26
946,Carol Hall,patrickmorales@example.com,Lake Joshuamouth,Arizona,2024-01-12
947,Cynthia Jimenez,jfisher@example.com,Lake Nathanport,Florida,2025-07-26
948,Brittney Butler,billscott@example.org,Port Gregoryhaven,Minnesota,2026-03-08
949,Joseph Ramirez,jessicaclark@example.com,Kimberlyville,Montana,2024-07-10
950,Gregory Humphrey,rboone@example.com,South Brianburgh,Michigan,2025-10-26
951,Robert Barry,tracycarlson@example.com,West Geraldhaven,New York,2024-03-03
952,Mary Patton MD,franktaylor@example.com,Yatesberg,Alabama,2025-01-10
953,Cory Russo,daviscynthia@example.com,Lisamouth,South Dakota,2025-09-02
954,Jasmin Hart,jamessantos@example.net,Edwardfurt,Utah,2026-01-02
955,Kelly Moore,carsoncasey@example.org,East Christopher,Oregon,2026-03-07
956,Christine Smith,normahenson@example.net,Carriehaven,Utah,2026-04-07
957,Kathleen Rosales,tami29@example.com,Rangelburgh,California,2025-03-28
958,Teresa Jones,susan10@example.com,Murphyfort,Nebraska,2025-07-14
959,William Pineda,zjohnson@example.com,North Nathanielborough,West Virginia,2025-09-04
960,Jessica Shepherd,david68@example.org,New Emily,Hawaii,2023-09-27
961,Cory Hudson,randy30@example.com,West Sean,Nevada,2024-03-19
962,Christopher Baird,sabrina85@example.com,North Aliciafurt,Oklahoma,2023-12-20
963,Jasmine Cruz,smithjames@example.com,Port Erictown,Georgia,2023-09-08
964,Ruben Benton,rjones@example.org,East Brandon,Washington,2024-09-11
965,Christina Meadows,johnsonkyle@example.net,Port Jenniferfort,Montana,2024-02-04
966,William Alvarez,stonerebecca@example.net,West Williamhaven,New Jersey,2025-03-06
967,Ronald Velez,ryan97@example.net,Port Annettemouth,New Mexico,2024-02-26
968,Christina Patel,stokesamanda@example.net,South Jenniferbury,Arkansas,2025-04-27
969,David Miller,dianefleming@example.net,West Cathy,Wisconsin,2025-02-15
970,Kara Wood,calderonkimberly@example.org,Aliciahaven,Delaware,2025-07-31
971,Mark Green,ricebrenda@example.com,Hendricksview,North Dakota,2026-03-01
972,Lauren Smith,brendacarroll@example.com,North Noah,Iowa,2025-05-09
973,William Krause,staceyleonard@example.org,Emilyport,Kansas,2025-02-14
974,Bailey Cochran,anthonyjones@example.org,Tiffanyview,Minnesota,2024-11-08
975,Lisa Carpenter,charlotteevans@example.net,Smithfort,Texas,2025-05-18
976,Teresa Rivera,andrew47@example.net,Amandaberg,Massachusetts,2025-01-31
977,Russell Wyatt,fcoleman@example.org,Patrickshire,Montana,2024-08-02
978,John Shaw,kristi75@example.org,Lake Lauraland,Nevada,2025-08-18
979,Jonathan Stewart,colemartinez@example.com,Greeneburgh,Arkansas,2024-05-26
980,Leslie Joyce,ohoward@example.org,North Barbara,New Jersey,2024-11-13
981,Steven Price,brandon87@example.net,Jacobbury,Oregon,2024-10-25
982,Jasmin Lee,ehughes@example.com,Wallaceton,Alabama,2026-06-23
983,Troy Brown,melindamanning@example.net,East Lisaburgh,Colorado,2025-01-14
984,Cynthia Chen,james15@example.org,Tylershire,Maryland,2024-12-20
985,Elizabeth Rodriguez,chrisstone@example.com,South Anthonyborough,Montana,2025-09-03
986,Richard Mooney,vanessabrown@example.net,Port Michellefurt,New Jersey,2025-12-18
987,Erica Gibson,harrismelanie@example.org,Port Mistyberg,Missouri,2025-11-13
988,Kevin Davis,melissaobrien@example.org,Justinshire,Montana,2024-06-01
989,Vicki Barker,robert82@example.org,Jasonview,Michigan,2024-12-18
990,Rebecca Marshall,qjefferson@example.org,East Brandychester,Florida,2025-12-03
991,Benjamin Thompson,annettelucas@example.com,South Jasonhaven,Illinois,2026-05-25
992,Michelle Henderson,nicolewilliams@example.com,Alyssastad,Idaho,2025-12-05
993,Melissa Miles,aguilarpaul@example.com,Walkerchester,Florida,2026-08-15
994,Amber Burns,wbrewer@example.com,Mullinsborough,Minnesota,2024-07-18
995,Todd Jones,qflores@example.org,North Katie,Washington,2026-07-14
996,Bradley Klein,michaeljohnson@example.com,South Priscilla,Minnesota,2024-10-09
997,Dana Lara,schroedercorey@example.org,East Hannahfurt,Virginia,2023-12-30
998,Dr. Joseph Martin MD,morganschwartz@example.com,North Jennifer,Maine,2024-03-25
999,Sarah Bates,avega@example.net,Melvinside,Washington,2025-10-24
1000,Michael Campbell,lewiscarl@example.net,Port Shirley,New Jersey,2025-07-01
