product_id,product_name,category,price,supplier
1,Synchronized background attitude,Electronics,1570.52,"Bridges, Norris and Harrell"
2,Grass-roots motivating encryption,Clothing,806.04,"Davis, Jackson and Watts"
3,Balanced upward-trending interface,Beauty,69.47,"Watson, White and Thomas"
4,User-friendly disintermediate workforce,Books,1556.57,"Patterson, Gomez and Martinez"
5,Polarized heuristic migration,Home,165.6,"Newman, Taylor and Phillips"
6,Proactive exuding workforce,Beauty,1460.98,Snow Ltd
7,Ameliorated reciprocal encryption,Home,1570.38,"Jones, Gonzalez and Osborn"
8,Versatile stable flexibility,Home,977.56,Craig Group
9,Secured didactic synergy,Clothing,1795.94,Cruz LLC
10,Optimized multi-state open system,Electronics,503.47,Carter-Clark
11,Advanced exuding project,Home,733.82,Haynes-Rodriguez
12,Balanced holistic collaboration,Sports,1854.12,Hayes-Jacobs
13,Proactive systematic structure,Beauty,778.71,Flores-Johnson
14,Decentralized next generation process improvement,Electronics,712.49,"Austin, Jones and Cruz"
15,Quality-focused composite hierarchy,Beauty,816.87,"Dixon, Vaughn and Boyd"
16,Diverse holistic definition,Electronics,1564.54,Thomas and Sons
17,Persistent needs-based extranet,Books,427.8,Barnett LLC
18,Reduced impactful toolset,Sports,973.74,Perez Inc
19,Versatile client-driven ability,Home,883.9,Copeland-Glover
20,Mandatory fault-tolerant superstructure,Home,1461.3,Lyons Ltd
21,Ameliorated systemic secured line,Beauty,561.18,"Lee, Brown and Ochoa"
22,Persistent content-based support,Home,364.14,Spencer-Butler
23,Organic multi-state project,Beauty,395.55,Parker Group
24,Profound composite help-desk,Beauty,387.76,"Harris, Wilson and Jones"
25,Secured intangible project,Sports,640.38,Davis-Walker
26,Persevering exuding analyzer,Clothing,19.93,"Fisher, Ellison and Martin"
27,Fully-configurable explicit secured line,Electronics,1742.13,Richardson PLC
28,Intuitive responsive algorithm,Home,1807.85,Anthony Group
29,Profit-focused analyzing intranet,Sports,694.72,"Ellis, Smith and Diaz"
30,Expanded even-keeled structure,Beauty,1422.27,Ramirez-Saunders
31,Fundamental motivating alliance,Books,109.48,"Garner, Glover and Small"
32,Digitized secondary collaboration,Sports,883.53,"Bennett, Campos and Fernandez"
33,Adaptive 24/7 analyzer,Books,1987.26,Mooney LLC
34,Centralized transitional moderator,Electronics,1476.41,Jackson and Sons
35,Streamlined systemic superstructure,Books,153.36,"Callahan, Parker and Ramirez"
36,Automated systematic throughput,Home,1423.26,Russell-Harris
37,Up-sized coherent data-warehouse,Home,854.58,Jimenez Ltd
38,Compatible didactic paradigm,Clothing,772.47,"Carroll, Williams and Nichols"
39,Compatible mobile support,Beauty,642.16,Riggs Inc
40,Function-based well-modulated info-mediaries,Electronics,1257.9,Thornton Ltd
41,Re-contextualized scalable solution,Books,298.25,Kerr-Christian
42,Multi-tiered uniform paradigm,Clothing,1490.29,Hooper-Powers
43,Cloned leadingedge customer loyalty,Home,1326.56,"Kelley, Lara and Lane"
44,Customizable dedicated initiative,Sports,1243.93,Berger Ltd
45,Horizontal composite ability,Clothing,667.67,Newman-Thomas
46,Distributed system-worthy orchestration,Clothing,414.66,Jones LLC
47,Intuitive clear-thinking website,Sports,1778.37,Ryan Group
48,Synchronized disintermediate toolset,Electronics,225.27,Roberts and Sons
49,Managed multi-state focus group,Clothing,561.03,"Maxwell, Sanchez and Taylor"
50,Persevering heuristic protocol,Home,1073.85,Knight Inc
51,Object-based asymmetric application,Books,1963.33,Lindsey-Pena
52,Persistent mission-critical task-force,Home,1965.58,Watkins-Hart
53,User-friendly uniform intranet,Clothing,516.3,Burnett-Knight
54,Adaptive real-time array,Sports,1216.73,Dixon Group
55,Focused coherent definition,Home,1436.86,Ramirez LLC
56,Configurable composite middleware,Beauty,188.13,Jones LLC
57,Front-line intermediate forecast,Home,1218.3,Stewart-Floyd
58,Profound 4thgeneration workforce,Sports,399.99,Brown-Taylor
59,Team-oriented maximized pricing structure,Clothing,1651.48,Johnson-Howell
60,Inverse coherent initiative,Clothing,1289.8,"Tucker, Holmes and Fitzgerald"
61,Adaptive analyzing framework,Sports,1881.54,Dennis-Robinson
62,Implemented systemic capability,Electronics,1765.11,Davis PLC
63,Right-sized next generation software,Electronics,382.34,"Gordon, Pierce and White"
64,Reactive zero-defect artificial intelligence,Beauty,803.04,Werner-Nelson
65,Optimized systemic installation,Books,1876.57,Romero-Coleman
66,Ergonomic interactive project,Books,1274.64,Williams and Sons
67,Integrated web-enabled toolset,Books,1319.54,"Thomas, Kennedy and King"
68,Quality-focused static productivity,Beauty,1097.25,"Huber, Gomez and Mack"
69,User-friendly bandwidth-monitored firmware,Books,1954.8,Davies LLC
70,Intuitive human-resource process improvement,Sports,1494.63,Davis-Chavez
71,Sharable zero-defect middleware,Sports,670.97,"Randall, Barnes and Hall"
72,Fully-configurable context-sensitive flexibility,Beauty,1759.59,Beard-Hall
73,Optional optimal matrices,Clothing,411.68,"Porter, Thomas and Vasquez"
74,Re-contextualized tertiary neural-net,Books,163.41,Rodriguez PLC
75,Implemented secondary infrastructure,Electronics,55.77,"Lewis, Robinson and Weaver"
76,User-centric human-resource emulation,Home,1207.91,"Ryan, Greer and Bond"
77,Focused logistical knowledge user,Beauty,1073.49,Crosby Group
78,Visionary heuristic forecast,Sports,1427.43,Hoffman-Young
79,Innovative bifurcated contingency,Electronics,1105.96,"Hernandez, Parker and Cole"
80,Phased radical encryption,Sports,1113.4,Powell-Ross
81,Implemented empowering pricing structure,Beauty,1765.06,Medina-Woods
82,Centralized asymmetric definition,Clothing,1024.31,Lewis-Nolan
83,Diverse even-keeled implementation,Beauty,1227.23,Henderson and Sons
84,Optional national migration,Clothing,249.91,"Friedman, Morales and Monroe"
85,Right-sized 6thgeneration support,Books,1463.14,"Brown, Walker and Gray"
86,Object-based zero administration interface,Beauty,144.47,Cobb-Rodriguez
87,Stand-alone foreground benchmark,Electronics,899.64,Jefferson and Sons
88,Phased empowering moderator,Books,1179.52,Nolan-Smith
89,Virtual multi-tasking architecture,Sports,1090.51,"Franco, Evans and Silva"
90,Reduced contextually-based initiative,Clothing,1454.15,"Bowman, Kaiser and Wallace"
91,Virtual exuding attitude,Electronics,1740.52,"Herrera, Wood and Miller"
92,Team-oriented intangible adapter,Home,294.62,Fuentes-Nelson
93,Multi-layered transitional structure,Clothing,1217.12,"Larsen, Moore and Howell"
94,Streamlined grid-enabled portal,Books,1844.86,"Martinez, Jones and Craig"
95,Compatible didactic matrices,Beauty,1074.32,Robinson-Cooper
96,Cross-platform methodical initiative,Books,191.67,Brown-Hayes
97,Enhanced actuating utilization,Books,1326.18,"Christensen, Jennings and Gonzalez"
98,Decentralized uniform interface,Electronics,1112.43,Phillips-Barron
99,Optional intangible project,Books,555.69,Patrick-Mcclure
100,Centralized stable policy,Beauty,1321.62,Moore-Powers
101,Optional executive contingency,Sports,186.55,Howard and Sons
102,Progressive 24hour core,Clothing,782.98,Wright-Martin
103,Decentralized client-server superstructure,Clothing,616.52,Beasley LLC
104,Implemented explicit portal,Clothing,1789.19,Miller LLC
105,Enterprise-wide multi-state challenge,Clothing,1699.75,Vargas PLC
106,Down-sized client-server paradigm,Books,1835.18,"Nguyen, Frederick and Franklin"
107,Integrated context-sensitive workforce,Books,1713.58,Johnson-Cruz
108,Organized contextually-based framework,Clothing,982.22,"Bowers, Soto and Garza"
109,Open-source multi-tasking Local Area Network,Electronics,988.34,Murphy PLC
110,Balanced system-worthy middleware,Home,386.37,Moore-Thompson
111,Vision-oriented optimizing analyzer,Beauty,1468.57,Johnson Inc
112,Multi-tiered context-sensitive emulation,Clothing,1982.03,Figueroa Group
113,Organic asynchronous synergy,Electronics,244.45,"Henry, Mitchell and Cook"
114,Down-sized intangible knowledgebase,Clothing,123.47,Miller-Turner
115,Configurable mobile database,Electronics,443.17,"Gonzales, Davis and Johnson"
116,Visionary bifurcated project,Books,888.21,Williams PLC
117,Front-line fresh-thinking alliance,Sports,501.63,Wilcox-Martin
118,Triple-buffered disintermediate service-desk,Beauty,1819.56,"Sawyer, Hernandez and Schaefer"
119,Progressive demand-driven extranet,Books,882.18,"Allen, Elliott and Patel"
120,Balanced contextually-based core,Books,1641.18,Tucker-Wells
121,Implemented motivating migration,Clothing,1314.86,Elliott PLC
122,Re-contextualized responsive secured line,Books,485.05,Green and Sons
123,Proactive disintermediate intranet,Home,1576.72,Lewis-Reeves
124,Realigned zero administration forecast,Electronics,1937.41,Espinoza-Mendoza
125,Re-contextualized dedicated paradigm,Books,212.3,Blanchard-Garza
126,Self-enabling mission-critical protocol,Home,971.53,Phillips-Mays
127,Expanded high-level analyzer,Books,1011.32,Shelton Inc
128,Function-based impactful help-desk,Beauty,44.7,Lee-Donovan
129,Secured 6thgeneration architecture,Books,232.94,Hall Inc
130,Innovative contextually-based website,Books,359.82,Lawrence-Smith
131,Right-sized contextually-based function,Home,1647.83,"Carter, Lopez and Hall"
132,Organized asymmetric benchmark,Electronics,570.4,Turner-Long
133,Integrated asynchronous circuit,Home,1709.49,"Hardin, Powers and Thompson"
134,Open-architected responsive knowledge user,Clothing,1904.51,Nelson-Contreras
135,Persistent human-resource infrastructure,Clothing,698.73,"Cox, Kennedy and Gardner"
136,User-friendly interactive superstructure,Clothing,1349.05,Barker-Petty
137,Phased executive moratorium,Electronics,1784.98,Aguilar PLC
138,Realigned upward-trending hierarchy,Electronics,1435.25,Cole-Johnson
139,Stand-alone logistical Graphic Interface,Books,1323.36,"Campbell, Bishop and White"
140,Reverse-engineered foreground pricing structure,Beauty,1741.43,Mullins-Adams
141,User-centric methodical knowledgebase,Home,1679.45,Esparza and Sons
142,Managed incremental infrastructure,Sports,1497.37,Herman Inc
143,Robust intangible focus group,Beauty,763.54,Palmer LLC
144,Compatible content-based matrix,Clothing,413.61,"Pittman, Young and Morris"
145,Re-engineered composite contingency,Clothing,1098.26,Zimmerman-Brown
146,Object-based bandwidth-monitored capability,Electronics,1186.96,Johnson-Lopez
147,Assimilated context-sensitive groupware,Electronics,1577.38,Wiley-Hill
148,Object-based maximized productivity,Sports,221.0,"Cline, Bell and Higgins"
149,Synergistic heuristic solution,Sports,1582.97,White-Ramirez
150,Optimized well-modulated approach,Electronics,484.29,"Robinson, Garcia and West"
151,Multi-layered attitude-oriented throughput,Beauty,1326.72,Williams-Miller
152,Up-sized client-server portal,Beauty,1129.68,"Smith, Holt and Ward"
153,Exclusive zero-defect info-mediaries,Electronics,1295.92,Clark-Murphy
154,Open-architected well-modulated utilization,Electronics,130.77,Rodriguez Group
155,Managed intangible circuit,Books,202.01,Bautista Group
156,Enhanced actuating forecast,Home,428.25,Wilson Inc
157,Vision-oriented maximized orchestration,Electronics,1639.2,Sloan and Sons
158,Fundamental systemic service-desk,Beauty,852.71,Perez Ltd
159,Networked grid-enabled intranet,Sports,1275.68,"Banks, Hall and Brooks"
160,Fundamental system-worthy data-warehouse,Books,1306.5,Contreras-Horn
161,Monitored contextually-based knowledge user,Clothing,268.24,Stone-Johnson
162,Programmable empowering flexibility,Home,479.93,"Morales, Smith and Kramer"
163,Advanced neutral database,Clothing,1098.12,King-Bishop
164,Devolved secondary flexibility,Beauty,1552.69,Conrad-Brown
165,Triple-buffered grid-enabled capability,Sports,1445.39,Burch-Schmidt
166,Distributed systematic throughput,Beauty,705.8,Collins-Nguyen
167,Cloned maximized approach,Electronics,389.87,"Mcdonald, Taylor and Hart"
168,Multi-lateral systemic productivity,Clothing,34.02,Turner Ltd
169,Virtual stable array,Home,719.81,Thomas Ltd
170,Future-proofed 24hour knowledge user,Sports,1112.5,Howard-Martinez
171,Extended background structure,Home,1946.98,"Herrera, Coleman and Duffy"
172,Distributed regional analyzer,Home,612.59,Sanford-Kelly
173,Triple-buffered even-keeled interface,Beauty,1497.01,Patterson Group
174,Down-sized transitional task-force,Electronics,1428.5,Nichols-Mcdaniel
175,Function-based zero administration Local Area Network,Books,1949.62,Davis-Wright
176,Exclusive uniform protocol,Sports,245.14,"Fletcher, Tucker and Compton"
177,Monitored 4thgeneration software,Books,1548.23,Cooper-Smith
178,Down-sized full-range portal,Sports,82.46,Valencia Group
179,Team-oriented scalable time-frame,Sports,696.3,Perry Inc
180,Re-contextualized radical implementation,Books,1186.88,"Dougherty, Black and Nelson"
181,Customer-focused national hardware,Home,724.58,"Patterson, Kelly and Lucas"
182,Multi-lateral local complexity,Books,1167.66,"Hudson, Wilson and Bray"
183,Cloned system-worthy superstructure,Beauty,1959.35,Lewis-Scott
184,Business-focused fault-tolerant project,Home,1142.83,"Tate, Johnson and Allen"
185,Organized dedicated hardware,Electronics,1760.16,"Wise, Gutierrez and Galvan"
186,Down-sized analyzing instruction set,Clothing,198.23,"Edwards, Clark and Davis"
187,De-engineered optimizing capacity,Books,205.77,Robbins and Sons
188,Cross-platform optimizing definition,Home,1009.24,"Sullivan, Strong and Kennedy"
189,Right-sized stable data-warehouse,Home,1791.18,Shea LLC
190,Horizontal client-driven contingency,Books,1092.38,Lopez PLC
191,Down-sized context-sensitive frame,Sports,1855.34,Berry-Coleman
192,Universal systemic time-frame,Clothing,1133.97,Carson Ltd
193,Digitized holistic emulation,Beauty,455.27,Fernandez Ltd
194,Stand-alone dedicated parallelism,Beauty,1019.35,"Holloway, Kim and Davis"
195,Centralized client-driven model,Home,1705.06,Sanchez-Miller
196,Open-source interactive encryption,Home,1124.66,Garcia-Flores
197,Versatile optimal hub,Home,399.97,"Francis, Stuart and Perry"
198,Customer-focused secondary help-desk,Beauty,408.92,Davis-Chavez
199,Self-enabling well-modulated solution,Home,1476.94,"Wright, Miller and Ruiz"
200,Secured asynchronous customer loyalty,Electronics,881.82,Bennett and Sons
